Workbook

Sheet 使用说明
A1: Omnia Agent v5｜Phase 1 字段母版 V8（SAP ECC v4 recorder evidence 增量） | B1: Omnia Agent v5｜Phase 1 字段母版 V8（SAP ECC v4 recorder evidence 增量） | C1: Omnia Agent v5｜Phase 1 字段母版 V8（SAP ECC v4 recorder evidence 增量） | D1: Omnia Agent v5｜Phase 1 字段母版 V8（SAP ECC v4 recorder evidence 增量） | E1: Omnia Agent v5｜Phase 1 字段母版 V8（SAP ECC v4 recorder evidence 增量） | F1: Omnia Agent v5｜Phase 1 字段母版 V8（SAP ECC v4 recorder evidence 增量） | G1: Omnia Agent v5｜Phase 1 字段母版 V8（SAP ECC v4 recorder evidence 增量） | H1: Omnia Agent v5｜Phase 1 字段母版 V8（SAP ECC v4 recorder evidence 增量）
A3: 母版治理边界
A5: 角色 | B5: 维护内容 | E5: 不得维护/不得假装
A6: 用户/业务负责人 | B6: Omnia 标准字段、必填规则、默认/回退、允许值、Higher/Lower 业务适用性 | E6: 不在母版中维护每次运行的用户实际值
A7: Codex/开发者 | B7: v4 JSON/API/connector/DOM 证据、精确路径、证据状态、校验逻辑 | E7: v4 无证据时不得猜 API、JSON key 或 selector
A8: 运行时 Agent | B8: 从用户上传资料提取需用户提供的值；按本母版规则派生/默认/继承并执行 | E8: 不得要求用户在母版中重复维护每次运行的实际值
A10: Risk–Control 执行模型
A12: 1. 目录存在 | C12: catalog_present_higher/lower 只描述 Omnia 在对应 RAIT 目录中可提供该 Control。
A13: 2. 应建立关联 | C13: link_required_higher/lower 才是 Agent 的执行开关；系统可提供 Control 不等于应关联。
A14: 3. Risk 分类 | C14: classification_higher/lower 分别治理 Higher 与 Lower 下的 Higher/Lower/ClassificationNA/待确认。
A15: 4. 运行时 | C15: 用户新增元素时无需手工逐一关联。录制抓全量目录和代表性关联合同，Agent 按 RAIT 筛选并逐条精确关联、回读验证。
A16: 5. 失败关闭 | C16: 目录缺失、关系端点缺失、assertion 不唯一、隐藏数据策略不满足或无 v4 证据时停止；不得猜测。
A18: 当前母版规模（公式实时统计）
A20: 规范化字段 | C20: Risk-Control 关系 | E20: 正式源字段项 | G20: V4 证据链
A21: =COUNTA(字段母版!$A$5:$A$191) -> 187 | C21: =COUNTA('Risk-Control关系'!$A$5:$A$72) -> 68 | E21: =COUNTIF(原始字段追溯!$E$5:$E$255,"字段") -> 180 | G21: =COUNTA(V4接口证据!$A$5:$A$25) -> 21
A24: 证据状态说明
A26: 已确认-强 | C26: 源码中有精确 route/payload/key/read-back 或明确录制合同。
A27: 部分确认 | C27: 只确认解析/派生/参考目录的一部分；不得扩张为完整写入能力。
A28: 执行阻断 | C28: v4 明确拒绝执行（例如 SAP ECC 内容合同未验证）。
A29: v4未发现/待确认 | C29: v4 未发现足够证据；API/JSON/DOM 列保持空白。

Sheet 字段母版
A1: Phase 1 字段母版
A2: 黄色列由业务维护；蓝色证据列由 Codex/开发者维护。运行时用户实际值不进入本母版。
A4: field_id | B4: Phase | C4: 场景/对象类型 | D4: 对象子类型/区段 | E4: Higher适用 | F4: Lower适用 | G4: Omnia UI标准字段名 | H4: 字段用途 | I4: 填写责任/方式 | J4: 必填规则 | K4: 无资料时默认/回退 | L4: 允许值 | M4: evidence_type | N4: v4 JSON key/path | O4: v4 endpoint+method / connector | P4: 请求/响应位置 | Q4: v4 DOM/selector | R4: v4证据路径+行号 | S4: 证据状态/置信度 | T4: 校验规则 | U4: source_trace_id | V4: 备注
A5: P1.APP.IT.ELEMENT_ID | B5: Phase 1 | C5: Application | E5: Y | F5: Y | G5: ID | H5: 应用程序唯一键，系统必填 | I5: 上传资料提取 | J5: 必填 | K5: APP-金蝶系统 | M5: hybrid | N5: systemInfoRows[].itElementKey|itElementName|itElementNumber; request.number|name | O5: POST /rapr/v0/engagements/{engagementId}/itelement | P5: request: name, number；response: id | R5: src/omnia-phase1.js:656-735; toolkit/tools/gra-creator/src/app.js:4808-4825 | S5: 已确认-强 | T5: 1、是否填写 2、是否与其他活跃元素重名 3、是否与其他回收站内元素重名；AI：1、与之后的risk判断因素中描述的内容是否一致 | U5: SRC.IT元素.007 | V5: 运行时从上传资料提取；创建前执行精确身份预检与重名校验。
A6: P1.APP.IT.ELEMENT_NAME | B6: Phase 1 | C6: Application | E6: Y | F6: Y | G6: 名称 | H6: 可与ID一致，系统必填 | I6: 派生 | J6: 必填 | K6: 与ID一致 | M6: derived | N6: itElementName = element ID | O6: 同 IT Element 创建接口 | P6: request.name | R6: src/domains/omnia/phase1/template-contract.js:98-105; toolkit/tools/gra-creator/src/app.js:4810-4822 | S6: 已确认-强 | U6: SRC.IT元素.008 | V6: 官方 V2 固定派生为元素 ID。
A7: P1.APP.IT.WORKSPACE | B7: Phase 1 | C7: Application | E7: Y | F7: Y | G7: 链接至工作区 | H7: 系统必填 | I7: 上传资料提取 | J7: 必填 | K7: TEST | M7: hybrid | N7: workspaceName -> workspaceFacetId -> request.workspaceId | O7: POST /rapr/v0/engagements/{engagementId}/itelement | P7: request.workspaceId；response.id | R7: src/omnia-phase1.js:673-735; toolkit/tools/gra-creator/src/app.js:4799-4825 | S7: 已确认-强 | T7: 1、工作区填写是否正确；AI：1、若存在与APP名称相似的工作区，可校验ID与工作区是否存在疑似冲突 | U7: SRC.IT元素.009 | V7: 上传资料提供显示名；Agent 解析为精确 facet ID。
A8: P1.APP.IT.DESCRIPTION | B8: Phase 1 | C8: Application | E8: Y | F8: Y | G8: 描述 | H8: 选填 | I8: 派生 | J8: 选填/不适用 | K8: 与ID一致 | M8: derived | N8: itElementDescription -> request.description | O8: POST /rapr/v0/engagements/{engagementId}/itelement | P8: request.description (rich-text editor payload) | R8: src/domains/omnia/phase1/template-contract.js:98-105; toolkit/tools/gra-creator/src/app.js:4818-4822 | S8: 已确认-强 | U8: SRC.IT元素.010 | V8: 官方 V2 固定派生为元素 ID。
A9: P1.APP.IT.IS_RELEVANT | B9: Phase 1 | C9: Application | E9: Y | F9: Y | G9: 与应用程序的相关性 | I9: 派生 | J9: Agent/系统规则驱动 | K9: 不相关 | M9: api | N9: /isRelevant = false | O9: PATCH /rapr/v0/engagements/{engagementId}/itelement/{id} | P9: JSON Patch replace /isRelevant | R9: toolkit/tools/gra-creator/src/it-element-settings.js:1-14; toolkit/tools/gra-creator/src/app.js:4867-4875 | S9: 已确认-强 | U9: SRC.IT元素.011 | V9: v4 固定为 false；Tool 分支不执行此 PATCH。
A10: P1.APP.IT.IS_DATA_AVAILABLE | B10: Phase 1 | C10: Application | E10: Y | F10: Y | G10: IT元素和相关信息技术整体控制(GITC) 将在此约定项目档案的结构化数据中进行测试 | H10: 创建的时候自动开启 | I10: 默认 | J10: Agent/系统规则驱动 | K10: 开启 | L10: 开启|不开启 | M10: api | N10: /isDataAvailable | O10: PATCH /rapr/v0/engagements/{engagementId}/itelement/{id} | P10: JSON Patch replace /isDataAvailable；并带 concurrencyTabId/UpdatedOn | R10: toolkit/tools/gra-creator/src/app.js:4877-4883 | S10: 已确认-强 | U10: SRC.IT元素.012 | V10: v4 输入模板默认 FALSE；原表业务文字“开启”与实际 v4 字段语义需人工确认，不做等同。
A11: P1.APP.IT.GRA_ENTRY | B11: Phase 1 | C11: Application | E11: Y | F11: Y | G11: 添加风险评估GRA | H11: 参见<GRA>-应用程序 | I11: 待确认 | J11: 待确认 | M11: derived | N11: graName/graContentId/typeId/facetId/entityId | O11: POST /rapr/v0/engagements/{engagementId}/riskassessments/create | P11: request creates GRA；response.id/workItemId/referenceNumber | R11: toolkit/tools/gra-creator/src/app.js:4909-4945 | S11: 已确认-强 | U11: SRC.IT元素.013 | V11: 该行是流程入口，不是用户值字段。
A12: P1.APP.IT.MAJOR_CHANGE_THIS_YEAR | B12: Phase 1 | C12: Application | E12: Y | F12: Y | G12: 详细信息-本年度重大修改 | H12: 考虑IT元素在本年度是否已发生重大变化 (例如，系统升级，新系统实施) 或修改。考虑变更的性质和变更的范围。 | I12: 默认 | J12: Agent/系统规则驱动 | K12: 不开启 | L12: 开启|不开启 | M12: source-only | S12: v4未发现/待确认 | U12: SRC.IT元素.014 | V12: v4 未发现可验证的字段级 API/DOM 映射；保留原始规则，不猜测。
A13: P1.APP.IT.SERVICE_ORGANIZATION_SUPPORT | B13: Phase 1 | C13: Application | E13: Y | F13: Y | G13: 详细信息-受到服务机构支持（包括提供的服务，如适用） | H13: 考虑IT元素是否由向该主体提供服务的服务机构 (即，第三方组织或第三方组织的部门) 支持。 | I13: 默认 | J13: Agent/系统规则驱动 | K13: 不开启 | L13: 开启|不开启 | M13: source-only | S13: v4未发现/待确认 | U13: SRC.IT元素.015 | V13: v4 未发现可验证的字段级 API/DOM 映射；保留原始规则，不猜测。
A14: P1.APP.IT.DELOITTE_AUDIT_TOOL | B14: Phase 1 | C14: Application | E14: Y | F14: Y | G14: 详细信息-拟在测试中使用的德勤审计工具 | H14: 考虑在计划的IT元素测试中是否使用任何德勤工具 (如，ACTT)。请注意，在Omnia的当前版本中，位于此处的文件记录可协助您记录及保留有助于计划审计程序的信息，但此信息不会系统地与其他结构化数据链接或相关联。 | I14: 默认 | J14: Agent/系统规则驱动 | K14: 不开启 | L14: 开启|不开启 | M14: source-only | S14: v4未发现/待确认 | U14: SRC.IT元素.016 | V14: v4 未发现可验证的字段级 API/DOM 映射；保留原始规则，不猜测。
A15: P1.APP.IT.BUSINESS_PROCESS | B15: Phase 1 | C15: Application | E15: Y | F15: Y | G15: 业务流程 | H15: 在业务流程图中关联此应用，此处不适用 | I15: 待确认 | J15: 待确认 | M15: source-only | S15: v4未发现/待确认 | U15: SRC.IT元素.017 | V15: v4 未发现可验证的字段级 API/DOM 映射；保留原始规则，不猜测。
A16: P1.DB.IT.ELEMENT_ID | B16: Phase 1 | C16: Database Infrastructure | E16: Y | F16: Y | G16: ID | H16: 数据库基础设施唯一键，系统必填 | I16: 上传资料提取 | J16: 必填 | K16: DB-金蝶系统 | M16: hybrid | N16: systemInfoRows[].itElementKey|itElementName|itElementNumber; request.number|name | O16: POST /rapr/v0/engagements/{engagementId}/itelement | P16: request: name, number；response: id | R16: src/omnia-phase1.js:656-735; toolkit/tools/gra-creator/src/app.js:4808-4825 | S16: 已确认-强 | T16: 1、是否填写 2、是否与其他活跃元素重名 3、是否与其他回收站内元素重名；AI：1、与之后的risk判断因素中描述的内容是否一致 | U16: SRC.IT元素.021 | V16: 运行时从上传资料提取；创建前执行精确身份预检与重名校验。
A17: P1.DB.IT.ELEMENT_NAME | B17: Phase 1 | C17: Database Infrastructure | E17: Y | F17: Y | G17: 名称 | H17: 可与ID一致，系统必填 | I17: 派生 | J17: 必填 | K17: 与ID一致 | M17: derived | N17: itElementName = element ID | O17: 同 IT Element 创建接口 | P17: request.name | R17: src/domains/omnia/phase1/template-contract.js:98-105; toolkit/tools/gra-creator/src/app.js:4810-4822 | S17: 已确认-强 | U17: SRC.IT元素.022 | V17: 官方 V2 固定派生为元素 ID。
A18: P1.DB.IT.WORKSPACE | B18: Phase 1 | C18: Database Infrastructure | E18: Y | F18: Y | G18: 链接至工作区 | H18: 系统必填 | I18: 上传资料提取 | J18: 必填 | K18: TEST | M18: hybrid | N18: workspaceName -> workspaceFacetId -> request.workspaceId | O18: POST /rapr/v0/engagements/{engagementId}/itelement | P18: request.workspaceId；response.id | R18: src/omnia-phase1.js:673-735; toolkit/tools/gra-creator/src/app.js:4799-4825 | S18: 已确认-强 | T18: 1、工作区填写是否正确；AI：1、若存在与名称相似的工作区，可校验ID与工作区是否存在疑似冲突 | U18: SRC.IT元素.023 | V18: 上传资料提供显示名；Agent 解析为精确 facet ID。
A19: P1.DB.IT.DESCRIPTION | B19: Phase 1 | C19: Database Infrastructure | E19: Y | F19: Y | G19: 描述 | H19: 选填 | I19: 派生 | J19: 选填/不适用 | K19: 与ID一致 | M19: derived | N19: itElementDescription -> request.description | O19: POST /rapr/v0/engagements/{engagementId}/itelement | P19: request.description (rich-text editor payload) | R19: src/domains/omnia/phase1/template-contract.js:98-105; toolkit/tools/gra-creator/src/app.js:4818-4822 | S19: 已确认-强 | U19: SRC.IT元素.024 | V19: 官方 V2 固定派生为元素 ID。
A20: P1.DB.IT.IS_RELEVANT | B20: Phase 1 | C20: Database Infrastructure | E20: Y | F20: Y | G20: 与应用程序的相关性 | I20: 派生 | J20: Agent/系统规则驱动 | K20: 不相关 | M20: api | N20: /isRelevant = false | O20: PATCH /rapr/v0/engagements/{engagementId}/itelement/{id} | P20: JSON Patch replace /isRelevant | R20: toolkit/tools/gra-creator/src/it-element-settings.js:1-14; toolkit/tools/gra-creator/src/app.js:4867-4875 | S20: 已确认-强 | U20: SRC.IT元素.025 | V20: v4 固定为 false；Tool 分支不执行此 PATCH。
A21: P1.DB.IT.IS_DATA_AVAILABLE | B21: Phase 1 | C21: Database Infrastructure | E21: Y | F21: Y | G21: IT元素和相关信息技术整体控制(GITC) 将在此约定项目档案的结构化数据中进行测试 | H21: 创建的时候自动开启 | I21: 默认 | J21: Agent/系统规则驱动 | K21: 开启 | L21: 开启|不开启 | M21: api | N21: /isDataAvailable | O21: PATCH /rapr/v0/engagements/{engagementId}/itelement/{id} | P21: JSON Patch replace /isDataAvailable；并带 concurrencyTabId/UpdatedOn | R21: toolkit/tools/gra-creator/src/app.js:4877-4883 | S21: 已确认-强 | U21: SRC.IT元素.026 | V21: v4 输入模板默认 FALSE；原表业务文字“开启”与实际 v4 字段语义需人工确认，不做等同。
A22: P1.DB.IT.GRA_ENTRY | B22: Phase 1 | C22: Database Infrastructure | E22: Y | F22: Y | G22: 添加风险评估GRA | H22: 参见<GRA>-数据库 | I22: 待确认 | J22: 待确认 | M22: derived | N22: graName/graContentId/typeId/facetId/entityId | O22: POST /rapr/v0/engagements/{engagementId}/riskassessments/create | P22: request creates GRA；response.id/workItemId/referenceNumber | R22: toolkit/tools/gra-creator/src/app.js:4909-4945 | S22: 已确认-强 | U22: SRC.IT元素.027 | V22: 该行是流程入口，不是用户值字段。
A23: P1.DB.IT.MAJOR_CHANGE_THIS_YEAR | B23: Phase 1 | C23: Database Infrastructure | E23: Y | F23: Y | G23: 详细信息-本年度重大修改 | H23: 考虑IT元素在本年度是否已发生重大变化 (例如，系统升级，新系统实施) 或修改。考虑变更的性质和变更的范围。 | I23: 默认 | J23: Agent/系统规则驱动 | K23: 不开启 | L23: 开启|不开启 | M23: source-only | S23: v4未发现/待确认 | U23: SRC.IT元素.028 | V23: v4 未发现可验证的字段级 API/DOM 映射；保留原始规则，不猜测。
A24: P1.DB.IT.SERVICE_ORGANIZATION_SUPPORT | B24: Phase 1 | C24: Database Infrastructure | E24: Y | F24: Y | G24: 详细信息-受到服务机构支持（包括提供的服务，如适用） | H24: 考虑IT元素是否由向该主体提供服务的服务机构 (即，第三方组织或第三方组织的部门) 支持。 | I24: 默认 | J24: Agent/系统规则驱动 | K24: 不开启 | L24: 开启|不开启 | M24: source-only | S24: v4未发现/待确认 | U24: SRC.IT元素.029 | V24: v4 未发现可验证的字段级 API/DOM 映射；保留原始规则，不猜测。
A25: P1.DB.IT.DELOITTE_AUDIT_TOOL | B25: Phase 1 | C25: Database Infrastructure | E25: Y | F25: Y | G25: 详细信息-拟在测试中使用的德勤审计工具 | H25: 考虑在计划的IT元素测试中是否使用任何德勤工具 (如，ACTT)。请注意，在Omnia的当前版本中，位于此处的文件记录可协助您记录及保留有助于计划审计程序的信息，但此信息不会系统地与其他结构化数据链接或相关联。 | I25: 默认 | J25: Agent/系统规则驱动 | K25: 不开启 | L25: 开启|不开启 | M25: source-only | S25: v4未发现/待确认 | U25: SRC.IT元素.030 | V25: v4 未发现可验证的字段级 API/DOM 映射；保留原始规则，不猜测。
A26: P1.DB.IT.APPLICATION_RELATION | B26: Phase 1 | C26: Database Infrastructure | E26: Y | F26: Y | G26: 关联应用程序 | H26: 后续创建风险评估受此影响，系统必填 | I26: 上传资料提取 | J26: 必填 | K26: APP-金蝶系统 | M26: api | N26: relationships[].applicationId/infrastructureId | O26: POST /rapr/v0/engagements/{engagementId}/itelement/associate | P26: ItElementId, AssociatingEntityIds[], associationType=InfrastructureApplication, ConcurrencyTabId=602 | R26: toolkit/tools/gra-creator/src/phase1-relationships.js:97-198 | S26: 已确认-强 | T26: 1、是否至少关联一个应用程序 2、工作区是否一致 3、多个应用程序的RAIT是否一致 | U26: SRC.IT元素.031 | V26: 创建基础设施 GRA 前必须建立并双向回读验证。
A27: P1.OS.IT.ELEMENT_ID | B27: Phase 1 | C27: Operating System Infrastructure | E27: Y | F27: Y | G27: ID | H27: 操作系统基础设施唯一键，系统必填 | I27: 上传资料提取 | J27: 必填 | K27: OS-金蝶服务器 | M27: hybrid | N27: systemInfoRows[].itElementKey|itElementName|itElementNumber; request.number|name | O27: POST /rapr/v0/engagements/{engagementId}/itelement | P27: request: name, number；response: id | R27: src/omnia-phase1.js:656-735; toolkit/tools/gra-creator/src/app.js:4808-4825 | S27: 已确认-强 | T27: 1、是否填写 2、是否与其他活跃元素重名 3、是否与其他回收站内元素重名；AI：1、与之后的risk判断因素中描述的内容是否一致 | U27: SRC.IT元素.035 | V27: 运行时从上传资料提取；创建前执行精确身份预检与重名校验。
A28: P1.OS.IT.ELEMENT_NAME | B28: Phase 1 | C28: Operating System Infrastructure | E28: Y | F28: Y | G28: 名称 | H28: 可与ID一致，系统必填 | I28: 派生 | J28: 必填 | K28: 与ID一致 | M28: derived | N28: itElementName = element ID | O28: 同 IT Element 创建接口 | P28: request.name | R28: src/domains/omnia/phase1/template-contract.js:98-105; toolkit/tools/gra-creator/src/app.js:4810-4822 | S28: 已确认-强 | U28: SRC.IT元素.036 | V28: 官方 V2 固定派生为元素 ID。
A29: P1.OS.IT.WORKSPACE | B29: Phase 1 | C29: Operating System Infrastructure | E29: Y | F29: Y | G29: 链接至工作区 | H29: 系统必填 | I29: 上传资料提取 | J29: 必填 | K29: TEST | M29: hybrid | N29: workspaceName -> workspaceFacetId -> request.workspaceId | O29: POST /rapr/v0/engagements/{engagementId}/itelement | P29: request.workspaceId；response.id | R29: src/omnia-phase1.js:673-735; toolkit/tools/gra-creator/src/app.js:4799-4825 | S29: 已确认-强 | T29: 1、工作区填写是否正确；AI：1、若存在与名称相似的工作区，可校验ID与工作区是否存在疑似冲突 | U29: SRC.IT元素.037 | V29: 上传资料提供显示名；Agent 解析为精确 facet ID。
A30: P1.OS.IT.DESCRIPTION | B30: Phase 1 | C30: Operating System Infrastructure | E30: Y | F30: Y | G30: 描述 | H30: 选填；官方V2由Agent固定派生为元素ID | I30: 派生 | J30: 选填/不适用 | K30: 与ID一致 | M30: derived | N30: itElementDescription -> request.description | O30: POST /rapr/v0/engagements/{engagementId}/itelement | P30: request.description (rich-text editor payload) | R30: src/domains/omnia/phase1/template-contract.js:98-105; toolkit/tools/gra-creator/src/app.js:4818-4822 | S30: 已确认-强 | U30: SRC.IT元素.038 | V30: 官方 V2 固定派生为元素 ID。
A31: P1.OS.IT.IS_RELEVANT | B31: Phase 1 | C31: Operating System Infrastructure | E31: Y | F31: Y | G31: 与应用程序的相关性 | I31: 派生 | J31: Agent/系统规则驱动 | K31: 不相关 | M31: api | N31: /isRelevant = false | O31: PATCH /rapr/v0/engagements/{engagementId}/itelement/{id} | P31: JSON Patch replace /isRelevant | R31: toolkit/tools/gra-creator/src/it-element-settings.js:1-14; toolkit/tools/gra-creator/src/app.js:4867-4875 | S31: 已确认-强 | U31: SRC.IT元素.039 | V31: v4 固定为 false；Tool 分支不执行此 PATCH。
A32: P1.OS.IT.IS_DATA_AVAILABLE | B32: Phase 1 | C32: Operating System Infrastructure | E32: Y | F32: Y | G32: IT元素和相关信息技术整体控制(GITC) 将在此约定项目档案的结构化数据中进行测试 | H32: 创建的时候自动开启 | I32: 默认 | J32: Agent/系统规则驱动 | K32: 开启 | L32: 开启|不开启 | M32: api | N32: /isDataAvailable | O32: PATCH /rapr/v0/engagements/{engagementId}/itelement/{id} | P32: JSON Patch replace /isDataAvailable；并带 concurrencyTabId/UpdatedOn | R32: toolkit/tools/gra-creator/src/app.js:4877-4883 | S32: 已确认-强 | U32: SRC.IT元素.040 | V32: v4 输入模板默认 FALSE；原表业务文字“开启”与实际 v4 字段语义需人工确认，不做等同。
A33: P1.OS.IT.GRA_ENTRY | B33: Phase 1 | C33: Operating System Infrastructure | E33: Y | F33: Y | G33: 添加风险评估GRA | H33: 参见<GRA>-操作系统 | I33: 待确认 | J33: 待确认 | M33: derived | N33: graName/graContentId/typeId/facetId/entityId | O33: POST /rapr/v0/engagements/{engagementId}/riskassessments/create | P33: request creates GRA；response.id/workItemId/referenceNumber | R33: toolkit/tools/gra-creator/src/app.js:4909-4945 | S33: 已确认-强 | U33: SRC.IT元素.041 | V33: 该行是流程入口，不是用户值字段。
A34: P1.OS.IT.MAJOR_CHANGE_THIS_YEAR | B34: Phase 1 | C34: Operating System Infrastructure | E34: Y | F34: Y | G34: 详细信息-本年度重大修改 | H34: 考虑IT元素在本年度是否已发生重大变化 (例如，系统升级，新系统实施) 或修改。考虑变更的性质和变更的范围。 | I34: 默认 | J34: Agent/系统规则驱动 | K34: 不开启 | L34: 开启|不开启 | M34: source-only | S34: v4未发现/待确认 | U34: SRC.IT元素.042 | V34: v4 未发现可验证的字段级 API/DOM 映射；保留原始规则，不猜测。
A35: P1.OS.IT.SERVICE_ORGANIZATION_SUPPORT | B35: Phase 1 | C35: Operating System Infrastructure | E35: Y | F35: Y | G35: 详细信息-受到服务机构支持（包括提供的服务，如适用） | H35: 考虑IT元素是否由向该主体提供服务的服务机构 (即，第三方组织或第三方组织的部门) 支持。 | I35: 默认 | J35: Agent/系统规则驱动 | K35: 不开启 | L35: 开启|不开启 | M35: source-only | S35: v4未发现/待确认 | U35: SRC.IT元素.043 | V35: v4 未发现可验证的字段级 API/DOM 映射；保留原始规则，不猜测。
A36: P1.OS.IT.DELOITTE_AUDIT_TOOL | B36: Phase 1 | C36: Operating System Infrastructure | E36: Y | F36: Y | G36: 详细信息-拟在测试中使用的德勤审计工具 | H36: 考虑在计划的IT元素测试中是否使用任何德勤工具 (如，ACTT)。请注意，在Omnia的当前版本中，位于此处的文件记录可协助您记录及保留有助于计划审计程序的信息，但此信息不会系统地与其他结构化数据链接或相关联。 | I36: 默认 | J36: Agent/系统规则驱动 | K36: 不开启 | L36: 开启|不开启 | M36: source-only | S36: v4未发现/待确认 | U36: SRC.IT元素.044 | V36: v4 未发现可验证的字段级 API/DOM 映射；保留原始规则，不猜测。
A37: P1.OS.IT.APPLICATION_RELATION | B37: Phase 1 | C37: Operating System Infrastructure | E37: Y | F37: Y | G37: 关联应用程序 | H37: 后续创建风险评估及RAIT继承受此影响，系统必填 | I37: 上传资料提取 | J37: 必填 | K37: APP-金蝶系统 | M37: api | N37: relationships[].applicationId/infrastructureId | O37: POST /rapr/v0/engagements/{engagementId}/itelement/associate | P37: ItElementId, AssociatingEntityIds[], associationType=InfrastructureApplication, ConcurrencyTabId=602 | R37: toolkit/tools/gra-creator/src/phase1-relationships.js:97-198 | S37: 已确认-强 | T37: 1、是否至少关联一个应用程序 2、工作区是否一致 3、多个应用程序的RAIT是否一致 | U37: SRC.IT元素.045 | V37: 创建基础设施 GRA 前必须建立并双向回读验证。
A38: P1.TOOL.IT.ELEMENT_ID | B38: Phase 1 | C38: IT Tool | E38: Y | F38: Y | G38: ID | H38: 工具唯一键，系统必填 | I38: 上传资料提取 | J38: 必填 | K38: Tool-OA | M38: hybrid | N38: systemInfoRows[].itElementKey|itElementName|itElementNumber; request.number|name | O38: POST /rapr/v0/engagements/{engagementId}/itelement | P38: request: name, number；response: id | R38: src/omnia-phase1.js:656-735; toolkit/tools/gra-creator/src/app.js:4808-4825 | S38: 已确认-强 | T38: 1、是否填写 2、是否与其他活跃元素重名 3、是否与其他回收站内元素重名；AI：1、与之后的risk判断因素中描述的内容是否一致 | U38: SRC.IT元素.050 | V38: 运行时从上传资料提取；创建前执行精确身份预检与重名校验。
A39: P1.TOOL.IT.ELEMENT_NAME | B39: Phase 1 | C39: IT Tool | E39: Y | F39: Y | G39: 名称 | H39: 可与ID一致，系统必填 | I39: 派生 | J39: 必填 | K39: 与ID一致 | M39: derived | N39: itElementName = element ID | O39: 同 IT Element 创建接口 | P39: request.name | R39: src/domains/omnia/phase1/template-contract.js:98-105; toolkit/tools/gra-creator/src/app.js:4810-4822 | S39: 已确认-强 | U39: SRC.IT元素.051 | V39: 官方 V2 固定派生为元素 ID。
A40: P1.TOOL.IT.WORKSPACE | B40: Phase 1 | C40: IT Tool | E40: Y | F40: Y | G40: 链接至工作区 | H40: 系统必填 | I40: 上传资料提取 | J40: 必填 | K40: TEST | M40: hybrid | N40: workspaceName -> workspaceFacetId -> request.workspaceId | O40: POST /rapr/v0/engagements/{engagementId}/itelement | P40: request.workspaceId；response.id | R40: src/omnia-phase1.js:673-735; toolkit/tools/gra-creator/src/app.js:4799-4825 | S40: 已确认-强 | T40: 1、工作区填写是否正确；AI：1、若存在与名称相似的工作区，可校验ID与工作区是否存在疑似冲突 | U40: SRC.IT元素.052 | V40: 上传资料提供显示名；Agent 解析为精确 facet ID。
A41: P1.TOOL.IT.DESCRIPTION | B41: Phase 1 | C41: IT Tool | E41: Y | F41: Y | G41: 描述 | H41: 选填 | I41: 派生 | J41: 选填/不适用 | K41: 与ID一致 | M41: derived | N41: itElementDescription -> request.description | O41: POST /rapr/v0/engagements/{engagementId}/itelement | P41: request.description (rich-text editor payload) | R41: src/domains/omnia/phase1/template-contract.js:98-105; toolkit/tools/gra-creator/src/app.js:4818-4822 | S41: 部分确认 | U41: SRC.IT元素.053 | V41: Tool 创建分支未发送 description；不得声称已写入。
A42: P1.TOOL.IT.IS_RELEVANT | B42: Phase 1 | C42: IT Tool | E42: Y | F42: Y | G42: 与应用程序的相关性 | I42: 派生 | J42: Agent/系统规则驱动 | K42: 不相关 | M42: api | N42: /isRelevant = false | O42: PATCH /rapr/v0/engagements/{engagementId}/itelement/{id} | P42: JSON Patch replace /isRelevant | R42: toolkit/tools/gra-creator/src/it-element-settings.js:1-14; toolkit/tools/gra-creator/src/app.js:4867-4875 | S42: 不适用 | U42: SRC.IT元素.054 | V42: v4 固定为 false；Tool 分支不执行此 PATCH。
A43: P1.TOOL.IT.IS_DATA_AVAILABLE | B43: Phase 1 | C43: IT Tool | E43: Y | F43: Y | G43: IT元素和相关信息技术整体控制(GITC) 将在此约定项目档案的结构化数据中进行测试 | H43: 创建的时候自动开启 | I43: 默认 | J43: Agent/系统规则驱动 | K43: 开启 | L43: 开启|不开启 | M43: api | N43: /isDataAvailable | O43: PATCH /rapr/v0/engagements/{engagementId}/itelement/{id} | P43: JSON Patch replace /isDataAvailable；并带 concurrencyTabId/UpdatedOn | R43: toolkit/tools/gra-creator/src/app.js:4877-4883 | S43: 不适用 | U43: SRC.IT元素.055 | V43: v4 输入模板默认 FALSE；原表业务文字“开启”与实际 v4 字段语义需人工确认，不做等同。
A44: P1.TOOL.IT.GRA_ENTRY | B44: Phase 1 | C44: IT Tool | E44: Y | F44: Y | G44: 添加风险评估GRA | H44: 参见<GRA>-工具 | I44: 待确认 | J44: 待确认 | M44: derived | N44: graName/graContentId/typeId/facetId/entityId | O44: POST /rapr/v0/engagements/{engagementId}/riskassessments/create | P44: request creates GRA；response.id/workItemId/referenceNumber | R44: toolkit/tools/gra-creator/src/app.js:4909-4945 | S44: 已确认-强 | U44: SRC.IT元素.056 | V44: 该行是流程入口，不是用户值字段。
A45: P1.TOOL.IT.MAJOR_CHANGE_THIS_YEAR | B45: Phase 1 | C45: IT Tool | E45: Y | F45: Y | G45: 详细信息-本年度重大修改 | H45: 考虑IT元素在本年度是否已发生重大变化 (例如，系统升级，新系统实施) 或修改。考虑变更的性质和变更的范围。 | I45: 默认 | J45: Agent/系统规则驱动 | K45: 不开启 | L45: 开启|不开启 | M45: source-only | S45: v4未发现/待确认 | U45: SRC.IT元素.057 | V45: v4 未发现可验证的字段级 API/DOM 映射；保留原始规则，不猜测。
A46: P1.TOOL.IT.SERVICE_ORGANIZATION_SUPPORT | B46: Phase 1 | C46: IT Tool | E46: Y | F46: Y | G46: 详细信息-受到服务机构支持（包括提供的服务，如适用） | H46: 考虑IT元素是否由向该主体提供服务的服务机构 (即，第三方组织或第三方组织的部门) 支持。 | I46: 默认 | J46: Agent/系统规则驱动 | K46: 不开启 | L46: 开启|不开启 | M46: source-only | S46: v4未发现/待确认 | U46: SRC.IT元素.058 | V46: v4 未发现可验证的字段级 API/DOM 映射；保留原始规则，不猜测。
A47: P1.TOOL.IT.DELOITTE_AUDIT_TOOL | B47: Phase 1 | C47: IT Tool | E47: Y | F47: Y | G47: 详细信息-拟在测试中使用的德勤审计工具 | H47: 考虑在计划的IT元素测试中是否使用任何德勤工具 (如，ACTT)。请注意，在Omnia的当前版本中，位于此处的文件记录可协助您记录及保留有助于计划审计程序的信息，但此信息不会系统地与其他结构化数据链接或相关联。 | I47: 默认 | J47: Agent/系统规则驱动 | K47: 不开启 | L47: 开启|不开启 | M47: source-only | S47: v4未发现/待确认 | U47: SRC.IT元素.059 | V47: v4 未发现可验证的字段级 API/DOM 映射；保留原始规则，不猜测。
A48: P1.TOOL.IT.APPLICATION_RELATION | B48: Phase 1 | C48: IT Tool | E48: Y | F48: Y | G48: 关联应用程序 | H48: 应用程序或基础设施应至少关联一项 | I48: 上传资料提取 | J48: 条件必填（至少一项） | M48: api | N48: relationships[].toolId + targetId/targetType | O48: POST /rapr/v0/engagements/{engagementId}/itelement/associate | P48: associationType=ItToolApplication/ItToolInfrastructure；ConcurrencyTabId=802/803 | R48: toolkit/tools/gra-creator/src/phase1-relationships.js:201-288 | S48: 已确认-强 | U48: SRC.IT元素.060 | V48: 关系按目标类型分别执行并回读验证。
A49: P1.TOOL.IT.INFRASTRUCTURE_RELATION | B49: Phase 1 | C49: IT Tool | E49: Y | F49: Y | G49: 关联基础设施 | H49: 应用程序或基础设施应至少关联一项 | I49: 上传资料提取 | J49: 条件必填（至少一项） | M49: api | N49: relationships[].toolId + targetId/targetType | O49: POST /rapr/v0/engagements/{engagementId}/itelement/associate | P49: associationType=ItToolApplication/ItToolInfrastructure；ConcurrencyTabId=802/803 | R49: toolkit/tools/gra-creator/src/phase1-relationships.js:201-288 | S49: 已确认-强 | U49: SRC.IT元素.061 | V49: 关系按目标类型分别执行并回读验证。
A50: P1.APP.GRA.GRA_CONTENT | B50: Phase 1 | C50: Application | D50: GRA | E50: Y | F50: Y | G50: 风险评估指导(GRA)内容 | H50: 由官方V2的APP类型确定GRA内容；不得跨类型套用 | I50: 上传资料提取 | J50: 必填 | K50: 1、Generic → 60175713（既有 v4 证据） 2、SAP ECC → 66176475（本次录制已证实 GRA 内容身份与创建请求） SAP ECC 后续评价使用真实评分、RAIT 结论、Risk-Control 和“在此记录”文字写入合同；不创建真实附件。 | L50: Generic|SAP ECC（GRA 创建已录制；后续评价链阻断） | M50: derived | N50: graContentId/graContentName -> inkContentId；录制 taxonomy key/name | O50: GET /rapr/v0/engagements/{engagementId}/itelement/getITElementCategoryPublicationList；POST /rapr/v0/engagements/{engagementId}/riskassessments/create；GET /rapr/v0/engagements/{engagementId}/riskassessments/{id} | P50: taxonomy response key=66176475/name=StandardizedAccount_SAP ECC；create request.inkContentId=66176475；read-back inkContentId/commonAccountName | R50: 录制 dfa8eb76：request-25/seq83；request-135/seq531；request-142/seq563、request-146/seq579 | S50: 录制已证实-创建链 | T50: 1、是否填写 2、是否为当前官方输入合同允许值 3、SAP ECC是否在推送前被明确阻断；AI：1、若ID或说明包含SAP，提示专用创建链当前未验证，不能误按Generic创建 | U50: SRC.GRA.004 | V50: 当前录制已证实 SAP ECC 内容身份、GRA create 与核心 read-back。评分、RAIT 结论与 Risk-Control 关联按已验证的 v4 合同参数化复用；不得保存运行时对象 ID，执行时仍须逐步读回。
A51: P1.APP.GRA.GRA_NAME | B51: Phase 1 | C51: Application | D51: GRA | E51: Y | F51: Y | G51: 风险评估指导(GRA)名称 | H51: 系统必填；官方V2模板不提供单独输入列，由Agent固定派生 | I51: 派生 | J51: 必填 | K51: GRA-{元素ID} | M51: derived | N51: graName = GRA-{elementId}; /name | O51: POST .../riskassessments/create；PATCH .../riskassessments/{id} | P51: create request.name；必要时 JSON Patch /name | R51: src/domains/omnia/phase1/template-contract.js:98-105; toolkit/tools/gra-creator/src/app.js:4911-4918,4960-4965 | S51: 已确认-强 | T51: 1、派生名称与元素ID是否一一对应 2、批次内及Omnia活动区/回收站是否冲突 | U51: SRC.GRA.005 | V51: 不在用户上传模板中重复维护。
A52: P1.APP.GRA.ENABLE_IT_RISK_ASSESSMENT | B52: Phase 1 | C52: Application | D52: GRA | E52: Y | F52: Y | G52: IT风险评估（如果测试运行有效性） | H52: 创建时开启IT风险评估，并写入应用程序风险因素计划 | I52: 派生 | J52: Agent/系统规则驱动 | K52: 开启 | M52: api | N52: 按 risk-factor category 的运行时 id 定位；JSON Patch /applicable=true；并发条件使用 /concurrencyTabs/{tabId}/updatedOn 与 /updatedOn | O52: PATCH /rapr/v0/engagements/{engagementId}/risk-factor-categories/{id}；GET 同路径读回 | P52: request JSON Patch /applicable=true；response.applicable=true；随后 GET response.applicable=true | R52: v4录制 cfd09224：request-137/seq488 PATCH HTTP 200；request-138/seq492 GET HTTP 200 | S52: 已确认-强 | U52: SRC.GRA.009 | V52: 用户规则仍为所有适用元素默认开启。本次只证实 Application/SAP ECC：category.name=IT风险评估（如果测试运行有效性），PATCH /applicable=true，响应及 GET 精确读回 true。DB/OS/Tool 不得直接套用为已证实。
A53: P1.APP.GRA.RAIT_CONCLUSION | B53: Phase 1 | C53: Application | D53: GRA | E53: Y | F53: Y | G53: IT风险(RAIT)结论 | H53: APP由用户直接填写Higher或Lower；不从其他元素继承 | I53: 上传资料提取 | J53: 必填 | K53: 1、Higher 2、Lower | L53: Higher|Lower | M53: api | N53: response.itElementRaitConclusionLevelId；response.lastSubmittedITElementRaitConclusionLevelId；submit payload riskLevelOverride/isPurgeControlHiddenData/updateQM/accountContents | O53: POST /rapr/v0/engagements/{engagementId}/riskassessments/{id}/submit-riskfactor-evaluation；GET /riskassessments/{id} | P53: submit response.status=EvaluationProcessing；最终 GET response.status=EvaluationComplete；结论值 Higher 被保留 | R53: v4录制 cfd09224：request-211/seq806 POST HTTP 200；request-213/214 Processing；request-227/seq858 EvaluationComplete | S53: 部分确认 | T53: 1、是否填写Higher或Lower 2、不得填写其他RAIT枚举 | U53: SRC.GRA.010 | V53: Higher 与 Lower 共用同一评估写入合同。Lower 分支把适用评分项写为 1，并将 /itElementRaitConclusionLevelId 写为 Lower 后读回；产品决策 2026-08-03：无需单独 Lower canary。
A54: P1.APP.GRA.FACTORS_CONSIDERED | B54: Phase 1 | C54: Application | D54: GRA | E54: Y | F54: Y | G54: Factors Considered（RAIT结论依据） | H54: 官方V2 APP必填字段；说明系统特征及选择Higher/Lower的依据，并作为AI语义复核输入 | I54: 上传资料提取 | J54: 必填 | K54: 该系统涉及复杂财务交易、接口及自动控制，因此选择Higher。 | M54: derived | N54: systemInfoRows[].factorsConsidered | O54: v4 未发现 Omnia 写入端点 | P54: 仅上传解析/AI 语义复核输入 | R54: src/omnia-phase1.js:664-744 | S54: 部分确认 | T54: 1、是否填写 2、长度及字段合法性；AI：1、与系统ID是否一致 2、与Higher/Lower结论是否逻辑一致 3、仅提示warning，不替用户改写 | U54: SRC.GRA.011 | V54: Factors Considered 与 risk consideration 都必须来自用户上传资料，但保持两个独立语义字段。risk consideration 统一写入 GRA 主 documentation 的“在此记录”文字区域；不创建真实附件。
A55: P1.APP.GRA.SUBMIT_EVALUATION | B55: Phase 1 | C55: Application | D55: GRA | E55: Y | F55: Y | G55: 提交按钮 | H55: 完成风险因素、RAIT及必需信息后提交评价 | I55: 派生 | J55: Agent/系统规则驱动 | K55: 提交并等待 EvaluationComplete | M55: api | N55: status=EvaluationComplete | O55: POST /rapr/v0/engagements/{engagementId}/riskassessments/{id}/submit-riskfactor-evaluation?skipValidation=false | P55: riskLevelOverride=true; poll GET until EvaluationComplete | R55: toolkit/tools/gra-creator/src/app.js:5025-5049 | S55: 已确认-强 | T55: 1、提交后回读状态 2、回读RAIT与计划一致 | U55: SRC.GRA.012 | V55: 写后回读确认。
A56: P1.APP.GRA.RISK_CONTROL_PLAN | B56: Phase 1 | C56: Application | D56: GRA | E56: Y | F56: Y | G56: 识别风险和评估风险|计划应对措施 | H56: 参见<风险评估>-通用应用程序；SAP ECC仅保留参考模板，当前不执行推送 | I56: 待确认 | J56: 待确认 | M56: hybrid | N56: riskActions[]/controlLinks[] | O56: Risk PATCH + Control association POST | P56: 按 RAIT 过滤已验证计划并逐条关联 | R56: src/omnia-phase1.js:1723-1812; toolkit/tools/gra-creator/src/app.js:5134-5181 | S56: 部分确认 | U56: SRC.GRA.013 | V56: Higher/Lower 关联由 Risk-Control关系 表的 link_required_* 决定，目录存在不等于应关联。SAP ECC 已有18/18身份与 Higher 既有关联读回；关联写入复用 v4 validate+associate 合同。Lower 取17条目标关系，无需单独录制，但仍须幂等检查与写后读回。
A57: P1.DB.GRA.GRA_CONTENT | B57: Phase 1 | C57: Database Infrastructure | D57: GRA | E57: Y | F57: Y | G57: 风险评估指导(GRA)内容 | H57: 由官方V2中的DB类型确定GRA内容，不允许跨类型套用 | I57: 派生 | J57: Agent/系统规则驱动 | K57: 1、Generic → 通用数据库 2、Oracle → Oracle 数据库 3、SQL → SQL Server 数据库 | L57: Generic|Oracle|SQL | M57: derived | N57: graContentId/graContentName -> inkContentId | O57: POST /rapr/v0/engagements/{engagementId}/riskassessments/create | P57: request.inkContentId | R57: toolkit/tools/gra-creator/src/app.js:4911-4918 | S57: 已确认-强 | T57: 1、DB类型是否为Generic、Oracle或SQL 2、GRA内容映射是否精确 | U57: SRC.GRA.018 | V57: 按已验证子类型映射内容。
A58: P1.DB.GRA.GRA_NAME | B58: Phase 1 | C58: Database Infrastructure | D58: GRA | E58: Y | F58: Y | G58: 风险评估指导(GRA)名称 | H58: 系统必填；官方 V2 模板不提供单独输入列，由 Agent 固定派生 | I58: 派生 | J58: 必填 | K58: GRA-{数据库ID} | M58: derived | N58: graName = GRA-{elementId}; /name | O58: POST .../riskassessments/create；PATCH .../riskassessments/{id} | P58: create request.name；必要时 JSON Patch /name | R58: src/domains/omnia/phase1/template-contract.js:98-105; toolkit/tools/gra-creator/src/app.js:4911-4918,4960-4965 | S58: 已确认-强 | T58: 1、校验派生名称是否与元素ID一一对应 2、校验批次内及Omnia活动区/回收站是否存在冲突 | U58: SRC.GRA.019 | V58: 不在用户上传模板中重复维护。
A59: P1.DB.GRA.ENABLE_IT_RISK_ASSESSMENT | B59: Phase 1 | C59: Database Infrastructure | D59: GRA | E59: N | F59: N | G59: IT风险评估（Application评分体系；本对象不适用） | H59: 不适用：DB、OS、Tool 不使用 Application 的风险因素评分体系，不开启该评分分类 | I59: 不适用 | J59: 不适用 | K59: 不生成、不调用 | M59: product-rule | N59: 不适用 | O59: 不得调用 risk-factor-categories 或 risk-factors 评分 endpoint | P59: 不得 PATCH /applicable=true 或 /riskLevel | R59: 用户确认 2026-08-03：DB/OS/Tool 无需 Application 评分体系 | S59: 产品规则已确认-不适用 | T59: 1、执行计划不得生成评分项或评分写入 2、不得开启 IT 风险评估评分分类 | U59: SRC.GRA.023 | V59: 仅 Application 使用评分体系。DB/OS/Tool 的 RAIT 结论、继承或其他 GRA 合同如仍适用，必须与评分规则分开处理。
A60: P1.DB.GRA.RAIT_CONCLUSION | B60: Phase 1 | C60: Database Infrastructure | D60: GRA | E60: Y | F60: Y | G60: IT风险(RAIT)结论 | H60: DB不允许用户手工决定最终RAIT；必须从关联APP继承 | I60: 继承 | J60: Agent/系统规则驱动 | K60: 1、Higher 2、Lower | L60: Higher|Lower | M60: api | N60: /itElementRaitConclusionLevelId | O60: PATCH /rapr/v0/engagements/{engagementId}/riskassessments/{id}; GET same | P60: JSON Patch then exact read-back | R60: toolkit/tools/gra-creator/src/app.js:5005-5023 | S60: 已确认-强 | T60: 1、至少关联一个APP 2、所有关联APP的RAIT均可确定且一致 3、批次外APP需实时精确验证 | U60: SRC.GRA.024 | V60: 从关联 APP 继承并验证一致性。
A61: P1.DB.GRA.RAIT_INHERITANCE_BASIS | B61: Phase 1 | C61: Database Infrastructure | D61: GRA | E61: Y | F61: Y | G61: RAIT继承依据 | H61: 记录RAIT所继承的关联APP；不允许用数据库名称或描述猜测 | I61: 派生 | J61: Agent/系统规则驱动 | K61: 继承自 APP-金蝶系统（Higher） | M61: derived | N61: raitInheritedFrom[] | O61: 基础设施 RAIT 继承 + GET read-back | P61: 关联 APP 的已验证 RAIT | R61: src/omnia-phase1.js:1026-1045; toolkit/tools/gra-creator/src/app.js:4759-4789,5005-5023 | S61: 已确认-强 | T61: 1、关联对象及工作区一致 2、继承结果与APP真实GRA回读一致 | U61: SRC.GRA.025 | V61: 不允许从名称或描述猜测。
A62: P1.DB.GRA.SUBMIT_EVALUATION | B62: Phase 1 | C62: Database Infrastructure | D62: GRA | E62: Y | F62: Y | G62: 提交按钮 | H62: 完成风险因素、RAIT及必需信息后提交评价 | I62: 派生 | J62: Agent/系统规则驱动 | K62: 提交并等待 EvaluationComplete | M62: api | N62: status=EvaluationComplete | O62: POST /rapr/v0/engagements/{engagementId}/riskassessments/{id}/submit-riskfactor-evaluation?skipValidation=false | P62: riskLevelOverride=true; poll GET until EvaluationComplete | R62: toolkit/tools/gra-creator/src/app.js:5025-5049 | S62: 已确认-强 | T62: 1、提交后回读状态 2、回读RAIT与计划一致 | U62: SRC.GRA.026 | V62: 写后回读确认。
A63: P1.DB.GRA.RISK_CONTROL_PLAN | B63: Phase 1 | C63: Database Infrastructure | D63: GRA | E63: Y | F63: Y | G63: 识别风险和评估风险|计划应对措施 | H63: 参见<风险评估>-DB Generic / Oracle / SQL | I63: 待确认 | J63: 待确认 | M63: hybrid | N63: riskActions[]/controlLinks[] | O63: Risk PATCH + Control association POST | P63: 按 RAIT 过滤已验证计划并逐条关联 | R63: src/omnia-phase1.js:1723-1812; toolkit/tools/gra-creator/src/app.js:5134-5181 | S63: 已确认-强 | T63: 1、严格按已验证的 Risk/Control 计划生成，不得跨类型套用 | U63: SRC.GRA.027 | V63: Higher/Lower 关联由当前元素类型对应的 link_required_* 决定；目录存在不等于应关联。SAP ECC 的证据不得直接套用到本元素类型，身份或合同未确认时仍阻断；阻断原因不再是 Lower 缺少单独录制。
A64: P1.OS.GRA.GRA_CONTENT | B64: Phase 1 | C64: Operating System Infrastructure | D64: GRA | E64: Y | F64: Y | G64: 风险评估指导(GRA)内容 | H64: 由官方V2中的OS类型确定GRA内容及专用Risk/Control计划 | I64: 派生 | J64: Agent/系统规则驱动 | K64: 1、Generic → 通用Windows OS内容 + Generic OS计划 2、UNIX → 通用Linux / Unix OS 3、WIN → 通用Windows OS | L64: Generic|UNIX|WIN | M64: derived | N64: graContentId/graContentName -> inkContentId | O64: POST /rapr/v0/engagements/{engagementId}/riskassessments/create | P64: request.inkContentId | R64: toolkit/tools/gra-creator/src/app.js:4911-4918 | S64: 已确认-强 | T64: 1、OS类型是否为Generic、UNIX或WIN 2、内容及计划来源是否匹配 | U64: SRC.GRA.033 | V64: 按已验证子类型映射内容。
A65: P1.OS.GRA.GRA_NAME | B65: Phase 1 | C65: Operating System Infrastructure | D65: GRA | E65: Y | F65: Y | G65: 风险评估指导(GRA)名称 | H65: 系统必填；官方 V2 模板不提供单独输入列，由 Agent 固定派生 | I65: 派生 | J65: 必填 | K65: GRA-{服务器ID} | M65: derived | N65: graName = GRA-{elementId}; /name | O65: POST .../riskassessments/create；PATCH .../riskassessments/{id} | P65: create request.name；必要时 JSON Patch /name | R65: src/domains/omnia/phase1/template-contract.js:98-105; toolkit/tools/gra-creator/src/app.js:4911-4918,4960-4965 | S65: 已确认-强 | T65: 1、校验派生名称是否与元素ID一一对应 2、校验批次内及Omnia活动区/回收站是否存在冲突 | U65: SRC.GRA.034 | V65: 不在用户上传模板中重复维护。
A66: P1.OS.GRA.ENABLE_IT_RISK_ASSESSMENT | B66: Phase 1 | C66: Operating System Infrastructure | D66: GRA | E66: N | F66: N | G66: IT风险评估（Application评分体系；本对象不适用） | H66: 不适用：DB、OS、Tool 不使用 Application 的风险因素评分体系，不开启该评分分类 | I66: 不适用 | J66: 不适用 | K66: 不生成、不调用 | M66: product-rule | N66: 不适用 | O66: 不得调用 risk-factor-categories 或 risk-factors 评分 endpoint | P66: 不得 PATCH /applicable=true 或 /riskLevel | R66: 用户确认 2026-08-03：DB/OS/Tool 无需 Application 评分体系 | S66: 产品规则已确认-不适用 | T66: 1、执行计划不得生成评分项或评分写入 2、不得开启 IT 风险评估评分分类 | U66: SRC.GRA.038 | V66: 仅 Application 使用评分体系。DB/OS/Tool 的 RAIT 结论、继承或其他 GRA 合同如仍适用，必须与评分规则分开处理。
A67: P1.OS.GRA.RAIT_CONCLUSION | B67: Phase 1 | C67: Operating System Infrastructure | D67: GRA | E67: Y | F67: Y | G67: IT风险(RAIT)结论 | H67: OS不允许用户手工决定最终RAIT；必须从关联APP继承 | I67: 继承 | J67: Agent/系统规则驱动 | K67: 1、Higher 2、Lower | L67: Higher|Lower | M67: api | N67: /itElementRaitConclusionLevelId | O67: PATCH /rapr/v0/engagements/{engagementId}/riskassessments/{id}; GET same | P67: JSON Patch then exact read-back | R67: toolkit/tools/gra-creator/src/app.js:5005-5023 | S67: 已确认-强 | T67: 1、至少关联一个APP 2、所有关联APP的RAIT均可确定且一致 3、批次外APP需实时精确验证 | U67: SRC.GRA.039 | V67: 从关联 APP 继承并验证一致性。
A68: P1.OS.GRA.RAIT_INHERITANCE_BASIS | B68: Phase 1 | C68: Operating System Infrastructure | D68: GRA | E68: Y | F68: Y | G68: RAIT继承依据 | H68: 记录RAIT所继承的关联APP；不允许用服务器名称或描述猜测 | I68: 派生 | J68: Agent/系统规则驱动 | K68: 继承自 APP-金蝶系统（Lower） | M68: derived | N68: raitInheritedFrom[] | O68: 基础设施 RAIT 继承 + GET read-back | P68: 关联 APP 的已验证 RAIT | R68: src/omnia-phase1.js:1026-1045; toolkit/tools/gra-creator/src/app.js:4759-4789,5005-5023 | S68: 已确认-强 | T68: 1、关联对象及工作区一致 2、继承结果与APP真实GRA回读一致 | U68: SRC.GRA.040 | V68: 不允许从名称或描述猜测。
A69: P1.OS.GRA.SUBMIT_EVALUATION | B69: Phase 1 | C69: Operating System Infrastructure | D69: GRA | E69: Y | F69: Y | G69: 提交按钮 | H69: 完成风险因素、RAIT及必需信息后提交评价 | I69: 派生 | J69: Agent/系统规则驱动 | K69: 提交并等待 EvaluationComplete | M69: api | N69: status=EvaluationComplete | O69: POST /rapr/v0/engagements/{engagementId}/riskassessments/{id}/submit-riskfactor-evaluation?skipValidation=false | P69: riskLevelOverride=true; poll GET until EvaluationComplete | R69: toolkit/tools/gra-creator/src/app.js:5025-5049 | S69: 已确认-强 | T69: 1、提交后回读状态 2、回读RAIT与计划一致 | U69: SRC.GRA.041 | V69: 写后回读确认。
A70: P1.OS.GRA.RISK_CONTROL_PLAN | B70: Phase 1 | C70: Operating System Infrastructure | D70: GRA | E70: Y | F70: Y | G70: 识别风险和评估风险|计划应对措施 | H70: 参见<风险评估>-OS Generic / UNIX / WIN | I70: 待确认 | J70: 待确认 | M70: hybrid | N70: riskActions[]/controlLinks[] | O70: Risk PATCH + Control association POST | P70: 按 RAIT 过滤已验证计划并逐条关联 | R70: src/omnia-phase1.js:1723-1812; toolkit/tools/gra-creator/src/app.js:5134-5181 | S70: 已确认-强 | T70: 1、严格按已验证的 Risk/Control 计划生成，不得跨类型套用 | U70: SRC.GRA.042 | V70: Higher/Lower 关联由当前元素类型对应的 link_required_* 决定；目录存在不等于应关联。SAP ECC 的证据不得直接套用到本元素类型，身份或合同未确认时仍阻断；阻断原因不再是 Lower 缺少单独录制。
A71: P1.TOOL.GRA.GRA_CONTENT | B71: Phase 1 | C71: IT Tool | D71: GRA | E71: Y | F71: Y | G71: 风险评估指导(GRA)内容 | H71: Tool类型同时决定GRA内容及已录制的Risk/Control合同 | I71: 上传资料提取 | J71: 必填 | K71: 1、工单工具 2、身份和访问管理工具 | L71: 工单工具|身份和访问管理工具 | M71: derived | N71: graContentId/graContentName -> inkContentId | O71: POST /rapr/v0/engagements/{engagementId}/riskassessments/create | P71: request.inkContentId | R71: toolkit/tools/gra-creator/src/app.js:4911-4918 | S71: 已确认-强 | T71: 1、是否为两种已验证Tool类型之一 2、不得使用通用工具冒充 | U71: SRC.GRA.048 | V71: 按已验证子类型映射内容。
A72: P1.TOOL.GRA.GRA_NAME | B72: Phase 1 | C72: IT Tool | D72: GRA | E72: Y | F72: Y | G72: 风险评估指导(GRA)名称 | H72: 系统必填；官方 V2 模板不提供单独输入列，由 Agent 固定派生 | I72: 派生 | J72: 必填 | K72: GRA-{IT TOOL ID} | M72: derived | N72: graName = GRA-{elementId}; /name | O72: POST .../riskassessments/create；PATCH .../riskassessments/{id} | P72: create request.name；必要时 JSON Patch /name | R72: src/domains/omnia/phase1/template-contract.js:98-105; toolkit/tools/gra-creator/src/app.js:4911-4918,4960-4965 | S72: 已确认-强 | T72: 1、校验派生名称是否与元素ID一一对应 2、校验批次内及Omnia活动区/回收站是否存在冲突 | U72: SRC.GRA.049 | V72: 不在用户上传模板中重复维护。
A73: P1.TOOL.GRA.ENABLE_IT_RISK_ASSESSMENT | B73: Phase 1 | C73: IT Tool | D73: GRA | E73: N | F73: N | G73: IT风险评估（Application评分体系；本对象不适用） | H73: 不适用：DB、OS、Tool 不使用 Application 的风险因素评分体系，不开启该评分分类 | I73: 不适用 | J73: 不适用 | K73: 不生成、不调用 | M73: product-rule | N73: 不适用 | O73: 不得调用 risk-factor-categories 或 risk-factors 评分 endpoint | P73: 不得 PATCH /applicable=true 或 /riskLevel | R73: 用户确认 2026-08-03：DB/OS/Tool 无需 Application 评分体系 | S73: 产品规则已确认-不适用 | T73: 1、执行计划不得生成评分项或评分写入 2、不得开启 IT 风险评估评分分类 | U73: SRC.GRA.053 | V73: 仅 Application 使用评分体系。DB/OS/Tool 的 RAIT 结论、继承或其他 GRA 合同如仍适用，必须与评分规则分开处理。
A74: P1.TOOL.GRA.RAIT_CONCLUSION | B74: Phase 1 | C74: IT Tool | D74: GRA | E74: Y | F74: Y | G74: IT风险(RAIT)结论 | H74: Tool由用户直接填写Higher或Lower，不从APP继承 | I74: 上传资料提取 | J74: 必填 | K74: 1、Higher 2、Lower | L74: Higher|Lower | M74: api | N74: /itElementRaitConclusionLevelId | O74: PATCH /rapr/v0/engagements/{engagementId}/riskassessments/{id}; GET same | P74: JSON Patch then exact read-back | R74: toolkit/tools/gra-creator/src/app.js:5005-5023 | S74: 已确认-强 | T74: 1、是否填写Higher或Lower 2、不得填写其他RAIT枚举 | U74: SRC.GRA.054 | V74: 从上传资料提取 Higher/Lower。
A75: P1.TOOL.GRA.RAIT_FILE_RECORD | B75: Phase 1 | C75: IT Tool | D75: GRA | E75: N | F75: N | G75: RAIT结论文字记录（本对象不适用） | H75: Tool 不需要“在此记录”或 risk consideration 文字写入 | I75: 不适用 | J75: 不适用 | K75: 不生成、不调用 | M75: product-rule | N75: 不适用 | O75: 不调用 /documentation | P75: 无写请求 | R75: 用户确认 2026-08-03：Tool 无需在此记录 | S75: 产品规则已确认-不适用 | T75: 执行计划不得生成文字记录或 /documentation Operation | U75: SRC.GRA.055 | V75: 保留旧稳定字段 ID 只为兼容历史引用；当前产品规则为不适用，运行时不得执行。
A76: P1.TOOL.GRA.SUBMIT_EVALUATION | B76: Phase 1 | C76: IT Tool | D76: GRA | E76: Y | F76: Y | G76: 提交按钮 | H76: 完成风险因素、RAIT及必需信息后提交评价 | I76: 派生 | J76: Agent/系统规则驱动 | K76: 提交并等待 EvaluationComplete | M76: api | N76: status=EvaluationComplete | O76: POST /rapr/v0/engagements/{engagementId}/riskassessments/{id}/submit-riskfactor-evaluation?skipValidation=false | P76: riskLevelOverride=true; poll GET until EvaluationComplete | R76: toolkit/tools/gra-creator/src/app.js:5025-5049 | S76: 已确认-强 | T76: 1、提交后回读状态 2、回读RAIT与计划一致 | U76: SRC.GRA.056 | V76: 写后回读确认。
A77: P1.TOOL.GRA.RISK_CONTROL_PLAN | B77: Phase 1 | C77: IT Tool | D77: GRA | E77: Y | F77: Y | G77: 识别风险和评估风险|计划应对措施 | H77: 参见<风险评估>-工单工具 / 身份和访问管理工具 | I77: 待确认 | J77: 待确认 | M77: hybrid | N77: riskActions[]/controlLinks[] | O77: Risk PATCH + Control association POST | P77: 按 RAIT 过滤已验证计划并逐条关联 | R77: src/omnia-phase1.js:1723-1812; toolkit/tools/gra-creator/src/app.js:5134-5181 | S77: 已确认-强 | T77: 1、严格按已验证的 Risk/Control 计划生成，不得跨类型套用 | U77: SRC.GRA.057 | V77: Higher/Lower 关联由当前元素类型对应的 link_required_* 决定；目录存在不等于应关联。SAP ECC 的证据不得直接套用到本元素类型，身份或合同未确认时仍阻断；阻断原因不再是 Lower 缺少单独录制。
A78: P1.RISK.APP.GENERIC.RAITCOR001 | B78: Phase 1 | C78: Risk | D78: Application / 通用应用程序 | E78: Y | F78: Y | G78: RAITCOR001｜通用应用程序 - 用户拥有的访问权限超出了执行分配的职责所必需的权限，这可能导致职责分离不当。 | H78: Omnia 已识别风险及分类规则 | I78: Agent执行 | J78: 规则驱动 | K78: 目录缺失则停止并报错 | L78: Higher|Lower|ClassificationNA | M78: hybrid | N78: plannedResponses[].riskNumber|inkRiskNumber; risks[].classificationType | O78: GET .../plannedresponse/byRiskAssessmentId；PATCH .../risks/{risk.id} | P78: 按 riskNumber 精确匹配；JSON Patch /classificationType；写后回读 | R78: src/omnia-phase1.js:1723-1812; toolkit/tools/gra-creator/src/app.js:5093-5145 | S78: 已确认-强 | T78: Higher=Higher; Lower=Lower; riskNumber 必须唯一精确匹配 | U78: SRC.风险评估.005.RISK | V78: Risk 目录由 Omnia 内容生成；Agent 只按已验证计划设置分类。
A79: P1.CONTROL.APP.GENERIC.APP_01 | B79: Phase 1 | C79: Control | D79: Application / 通用应用程序 | E79: Y | F79: Y | G79: APP.01｜管理层批准新用户及变更的用户访问权限的性质与范围，包括标准的应用系统用户组/角色、关键财务报告交易和职责分离。 | H79: Omnia Control 目录项 | I79: Omnia自动 | J79: 按关系规则 | K79: 目录缺失则停止并报错 | M79: api | N79: controls[].controlNumber|name|description | O79: GET /rapr/v0/engagements/{engagementId}/controls/byRiskAssessmentId/{riskAssessmentId}?includeContentDeleted=false | P79: response controls[]；按 controlNumber 精确匹配 | R79: toolkit/tools/gra-creator/src/app.js:3354-3400,3717-3745 | S79: 已确认-强 | T79: controlNumber 必须唯一精确匹配；不得仅按模糊描述关联 | U79: SRC.风险评估.005.CONTROL | V79: 目录可见不代表 Agent 应建立关联；以 link_required_* 为准。
A80: P1.CONTROL.APP.GENERIC.APP_02 | B80: Phase 1 | C80: Control | D80: Application / 通用应用程序 | E80: Y | F80: Y | G80: APP.02｜及时删除或修改已离职和/或调职用户的访问权限。 | H80: Omnia Control 目录项 | I80: Omnia自动 | J80: 按关系规则 | K80: 目录缺失则停止并报错 | M80: api | N80: controls[].controlNumber|name|description | O80: GET /rapr/v0/engagements/{engagementId}/controls/byRiskAssessmentId/{riskAssessmentId}?includeContentDeleted=false | P80: response controls[]；按 controlNumber 精确匹配 | R80: toolkit/tools/gra-creator/src/app.js:3354-3400,3717-3745 | S80: 已确认-强 | T80: controlNumber 必须唯一精确匹配；不得仅按模糊描述关联 | U80: SRC.风险评估.006.CONTROL | V80: 目录可见不代表 Agent 应建立关联；以 link_required_* 为准。
A81: P1.CONTROL.APP.GENERIC.APP_03 | B81: Phase 1 | C81: Control | D81: Application / 通用应用程序 | E81: Y | F81: N | G81: APP.03｜定期复核用户访问权限。 | H81: Omnia Control 目录项 | I81: Omnia自动 | J81: 按关系规则 | K81: 目录缺失则停止并报错 | M81: api | N81: controls[].controlNumber|name|description | O81: GET /rapr/v0/engagements/{engagementId}/controls/byRiskAssessmentId/{riskAssessmentId}?includeContentDeleted=false | P81: response controls[]；按 controlNumber 精确匹配 | R81: toolkit/tools/gra-creator/src/app.js:3354-3400,3717-3745 | S81: 已确认-强 | T81: controlNumber 必须唯一精确匹配；不得仅按模糊描述关联 | U81: SRC.风险评估.007.CONTROL | V81: 目录可见不代表 Agent 应建立关联；以 link_required_* 为准。
A82: P1.CONTROL.APP.GENERIC.APP_06 | B82: Phase 1 | C82: Control | D82: Application / 通用应用程序 | E82: Y | F82: Y | G82: APP.06｜特权级别访问 (例如安全管理员) 已获得授权并受到适当限制。 | H82: Omnia Control 目录项 | I82: Omnia自动 | J82: 按关系规则 | K82: 目录缺失则停止并报错 | M82: api | N82: controls[].controlNumber|name|description | O82: GET /rapr/v0/engagements/{engagementId}/controls/byRiskAssessmentId/{riskAssessmentId}?includeContentDeleted=false | P82: response controls[]；按 controlNumber 精确匹配 | R82: toolkit/tools/gra-creator/src/app.js:3354-3400,3717-3745 | S82: 已确认-强 | T82: controlNumber 必须唯一精确匹配；不得仅按模糊描述关联 | U82: SRC.风险评估.008.CONTROL | V82: 目录可见不代表 Agent 应建立关联；以 link_required_* 为准。
A83: P1.RISK.APP.GENERIC.RAITCOR002 | B83: Phase 1 | C83: Risk | D83: Application / 通用应用程序 | E83: Y | F83: Y | G83: RAITCOR002｜通用应用程序 - 通过应用系统层面操作以外的其他方式直接对财务数据进行不适当的更改。 | H83: Omnia 已识别风险及分类规则 | I83: Agent执行 | J83: 规则驱动 | K83: 目录缺失则停止并报错 | L83: Higher|Lower|ClassificationNA | M83: hybrid | N83: plannedResponses[].riskNumber|inkRiskNumber; risks[].classificationType | O83: GET .../plannedresponse/byRiskAssessmentId；PATCH .../risks/{risk.id} | P83: 按 riskNumber 精确匹配；JSON Patch /classificationType；写后回读 | R83: src/omnia-phase1.js:1723-1812; toolkit/tools/gra-creator/src/app.js:5093-5145 | S83: 已确认-强 | T83: Higher=ClassificationNA; Lower=ClassificationNA; riskNumber 必须唯一精确匹配 | U83: SRC.风险评估.009.RISK | V83: Risk 目录由 Omnia 内容生成；Agent 只按已验证计划设置分类。
A84: P1.RISK.APP.GENERIC.RAITCOR003 | B84: Phase 1 | C84: Risk | D84: Application / 通用应用程序 | E84: Y | F84: Y | G84: RAITCOR003｜通用应用程序 - 系统配置或更新不足，无法限制正确授权和适当的用户访问系统。 | H84: Omnia 已识别风险及分类规则 | I84: Agent执行 | J84: 规则驱动 | K84: 目录缺失则停止并报错 | L84: Higher|Lower|ClassificationNA | M84: hybrid | N84: plannedResponses[].riskNumber|inkRiskNumber; risks[].classificationType | O84: GET .../plannedresponse/byRiskAssessmentId；PATCH .../risks/{risk.id} | P84: 按 riskNumber 精确匹配；JSON Patch /classificationType；写后回读 | R84: src/omnia-phase1.js:1723-1812; toolkit/tools/gra-creator/src/app.js:5093-5145 | S84: 已确认-强 | T84: Higher=Higher; Lower=Lower; riskNumber 必须唯一精确匹配 | U84: SRC.风险评估.010.RISK | V84: Risk 目录由 Omnia 内容生成；Agent 只按已验证计划设置分类。
A85: P1.CONTROL.APP.GENERIC.APP_05 | B85: Phase 1 | C85: Control | D85: Application / 通用应用程序 | E85: Y | F85: Y | G85: APP.05｜通过唯一的用户 ID 和密码或其他方法进行身份验证，以此作为验证用户是否有权访问系统的机制。密码参数符合公司和 / 或行业标准 (例如 密码最短长度和复杂度，密码自动过期，账号锁定)。 | H85: Omnia Control 目录项 | I85: Omnia自动 | J85: 按关系规则 | K85: 目录缺失则停止并报错 | M85: api | N85: controls[].controlNumber|name|description | O85: GET /rapr/v0/engagements/{engagementId}/controls/byRiskAssessmentId/{riskAssessmentId}?includeContentDeleted=false | P85: response controls[]；按 controlNumber 精确匹配 | R85: toolkit/tools/gra-creator/src/app.js:3354-3400,3717-3745 | S85: 已确认-强 | T85: controlNumber 必须唯一精确匹配；不得仅按模糊描述关联 | U85: SRC.风险评估.010.CONTROL | V85: 目录可见不代表 Agent 应建立关联；以 link_required_* 为准。
A86: P1.RISK.APP.GENERIC.RAITCOR004 | B86: Phase 1 | C86: Risk | D86: Application / 通用应用程序 | E86: Y | F86: Y | G86: RAITCOR004｜通用应用程序 - 对包含相关自动控制 (即可配置设置，自动算法，自动计算和自动数据提取) 和 / 或报告逻辑的应用系统或程序进行了不适当的变更。 | H86: Omnia 已识别风险及分类规则 | I86: Agent执行 | J86: 规则驱动 | K86: 目录缺失则停止并报错 | L86: Higher|Lower|ClassificationNA | M86: hybrid | N86: plannedResponses[].riskNumber|inkRiskNumber; risks[].classificationType | O86: GET .../plannedresponse/byRiskAssessmentId；PATCH .../risks/{risk.id} | P86: 按 riskNumber 精确匹配；JSON Patch /classificationType；写后回读 | R86: src/omnia-phase1.js:1723-1812; toolkit/tools/gra-creator/src/app.js:5093-5145 | S86: 已确认-强 | T86: Higher=Higher; Lower=Lower; riskNumber 必须唯一精确匹配 | U86: SRC.风险评估.011.RISK | V86: Risk 目录由 Omnia 内容生成；Agent 只按已验证计划设置分类。
A87: P1.CONTROL.APP.GENERIC.APP_10 | B87: Phase 1 | C87: Control | D87: Application / 通用应用程序 | E87: Y | F87: Y | G87: APP.10｜在将应用程序变更移至生产环境之前，应对其进行适当的测试和批准。 | H87: Omnia Control 目录项 | I87: Omnia自动 | J87: 按关系规则 | K87: 目录缺失则停止并报错 | M87: api | N87: controls[].controlNumber|name|description | O87: GET /rapr/v0/engagements/{engagementId}/controls/byRiskAssessmentId/{riskAssessmentId}?includeContentDeleted=false | P87: response controls[]；按 controlNumber 精确匹配 | R87: toolkit/tools/gra-creator/src/app.js:3354-3400,3717-3745 | S87: 已确认-强 | T87: controlNumber 必须唯一精确匹配；不得仅按模糊描述关联 | U87: SRC.风险评估.011.CONTROL | V87: 目录可见不代表 Agent 应建立关联；以 link_required_* 为准。
A88: P1.CONTROL.APP.GENERIC.APP_13 | B88: Phase 1 | C88: Control | D88: Application / 通用应用程序 | E88: Y | F88: Y | G88: APP.13｜对应用程序生产环境进行变更的访问受到适当限制，并与开发环境隔离。 | H88: Omnia Control 目录项 | I88: Omnia自动 | J88: 按关系规则 | K88: 目录缺失则停止并报错 | M88: api | N88: controls[].controlNumber|name|description | O88: GET /rapr/v0/engagements/{engagementId}/controls/byRiskAssessmentId/{riskAssessmentId}?includeContentDeleted=false | P88: response controls[]；按 controlNumber 精确匹配 | R88: toolkit/tools/gra-creator/src/app.js:3354-3400,3717-3745 | S88: 已确认-强 | T88: controlNumber 必须唯一精确匹配；不得仅按模糊描述关联 | U88: SRC.风险评估.012.CONTROL | V88: 目录可见不代表 Agent 应建立关联；以 link_required_* 为准。
A89: P1.RISK.APP.GENERIC.RAITCOR007 | B89: Phase 1 | C89: Risk | D89: Application / 通用应用程序 | E89: Y | F89: Y | G89: RAITCOR007｜通用应用程序 - 在从旧系统或以前版本的系统转换数据时，由于转换传输的数据不完整、冗余、过时或不准确导致传输数据错误。 | H89: Omnia 已识别风险及分类规则 | I89: Agent执行 | J89: 规则驱动 | K89: 目录缺失则停止并报错 | L89: Higher|Lower|ClassificationNA | M89: hybrid | N89: plannedResponses[].riskNumber|inkRiskNumber; risks[].classificationType | O89: GET .../plannedresponse/byRiskAssessmentId；PATCH .../risks/{risk.id} | P89: 按 riskNumber 精确匹配；JSON Patch /classificationType；写后回读 | R89: src/omnia-phase1.js:1723-1812; toolkit/tools/gra-creator/src/app.js:5093-5145 | S89: 已确认-强 | T89: Higher=ClassificationNA; Lower=ClassificationNA; riskNumber 必须唯一精确匹配 | U89: SRC.风险评估.013.RISK | V89: Risk 目录由 Omnia 内容生成；Agent 只按已验证计划设置分类。
A90: P1.RISK.APP.GENERIC.RAITCOR010 | B90: Phase 1 | C90: Risk | D90: Application / 通用应用程序 | E90: Y | F90: Y | G90: RAITCOR010｜通用应用程序 - 当数据丢失时，无法及时恢复或访问财务数据。 | H90: Omnia 已识别风险及分类规则 | I90: Agent执行 | J90: 规则驱动 | K90: 目录缺失则停止并报错 | L90: Higher|Lower|ClassificationNA | M90: hybrid | N90: plannedResponses[].riskNumber|inkRiskNumber; risks[].classificationType | O90: GET .../plannedresponse/byRiskAssessmentId；PATCH .../risks/{risk.id} | P90: 按 riskNumber 精确匹配；JSON Patch /classificationType；写后回读 | R90: src/omnia-phase1.js:1723-1812; toolkit/tools/gra-creator/src/app.js:5093-5145 | S90: 已确认-强 | T90: Higher=Higher; Lower=Lower; riskNumber 必须唯一精确匹配 | U90: SRC.风险评估.014.RISK | V90: Risk 目录由 Omnia 内容生成；Agent 只按已验证计划设置分类。
A91: P1.CONTROL.APP.GENERIC.DCNO_17 | B91: Phase 1 | C91: Control | D91: Application / 通用应用程序 | E91: Y | F91: Y | G91: DCNO.17｜财务数据定期根据既定的时间表和频率进行备份。 | H91: Omnia Control 目录项 | I91: Omnia自动 | J91: 按关系规则 | K91: 目录缺失则停止并报错 | M91: api | N91: controls[].controlNumber|name|description | O91: GET /rapr/v0/engagements/{engagementId}/controls/byRiskAssessmentId/{riskAssessmentId}?includeContentDeleted=false | P91: response controls[]；按 controlNumber 精确匹配 | R91: toolkit/tools/gra-creator/src/app.js:3354-3400,3717-3745 | S91: 已确认-强 | T91: controlNumber 必须唯一精确匹配；不得仅按模糊描述关联 | U91: SRC.风险评估.014.CONTROL | V91: 目录可见不代表 Agent 应建立关联；以 link_required_* 为准。
A92: P1.RISK.APP.GENERIC.RAITCOR011 | B92: Phase 1 | C92: Risk | D92: Application / 通用应用程序 | E92: Y | F92: Y | G92: RAITCOR011｜通用应用程序 - 生产系统，程序和 / 或系统任务会导致数据处理不准确，不完整或对数据未经授权的处理。 | H92: Omnia 已识别风险及分类规则 | I92: Agent执行 | J92: 规则驱动 | K92: 目录缺失则停止并报错 | L92: Higher|Lower|ClassificationNA | M92: hybrid | N92: plannedResponses[].riskNumber|inkRiskNumber; risks[].classificationType | O92: GET .../plannedresponse/byRiskAssessmentId；PATCH .../risks/{risk.id} | P92: 按 riskNumber 精确匹配；JSON Patch /classificationType；写后回读 | R92: src/omnia-phase1.js:1723-1812; toolkit/tools/gra-creator/src/app.js:5093-5145 | S92: 已确认-强 | T92: Higher=Higher; Lower=Lower; riskNumber 必须唯一精确匹配 | U92: SRC.风险评估.015.RISK | V92: Risk 目录由 Omnia 内容生成；Agent 只按已验证计划设置分类。
A93: P1.CONTROL.APP.GENERIC.APP_15 | B93: Phase 1 | C93: Control | D93: Application / 通用应用程序 | E93: Y | F93: N | G93: APP.15｜只有授权用户才有权变更定时任务调度软件中的批处理任务 (包括接口任务)。 | H93: Omnia Control 目录项 | I93: Omnia自动 | J93: 按关系规则 | K93: 目录缺失则停止并报错 | M93: api | N93: controls[].controlNumber|name|description | O93: GET /rapr/v0/engagements/{engagementId}/controls/byRiskAssessmentId/{riskAssessmentId}?includeContentDeleted=false | P93: response controls[]；按 controlNumber 精确匹配 | R93: toolkit/tools/gra-creator/src/app.js:3354-3400,3717-3745 | S93: 已确认-强 | T93: controlNumber 必须唯一精确匹配；不得仅按模糊描述关联 | U93: SRC.风险评估.015.CONTROL | V93: 目录可见不代表 Agent 应建立关联；以 link_required_* 为准。
A94: P1.CONTROL.APP.GENERIC.APP_16 | B94: Phase 1 | C94: Control | D94: Application / 通用应用程序 | E94: Y | F94: N | G94: APP.16｜监控关键系统，程序和 / 或任务，并纠正处理错误以确保其成功完成。 | H94: Omnia Control 目录项 | I94: Omnia自动 | J94: 按关系规则 | K94: 目录缺失则停止并报错 | M94: api | N94: controls[].controlNumber|name|description | O94: GET /rapr/v0/engagements/{engagementId}/controls/byRiskAssessmentId/{riskAssessmentId}?includeContentDeleted=false | P94: response controls[]；按 controlNumber 精确匹配 | R94: toolkit/tools/gra-creator/src/app.js:3354-3400,3717-3745 | S94: 已确认-强 | T94: controlNumber 必须唯一精确匹配；不得仅按模糊描述关联 | U94: SRC.风险评估.016.CONTROL | V94: 目录可见不代表 Agent 应建立关联；以 link_required_* 为准。
A95: P1.RISK.APP.SAP_ECC.RAITCOR011 | B95: Phase 1 | C95: Risk | D95: Application / SAP ECC | E95: Y | F95: Y | G95: RAITCOR011｜SAP ECC - 生产系统、程序和/或系统任务会导致数据处理不准确、不完整或未经授权。 | H95: Omnia 已识别风险及分类规则 | I95: Agent执行 | J95: 规则驱动 | K95: 目录缺失则停止并报错 | L95: Higher|Lower|ClassificationNA | M95: source-only | N95: risks[].id/inkRiskNumber/riskNumber/description/riskRiskScopes[].id；planned detail.planResponseRisk[0].riskNumber/classificationType/riskRiskScopes | O95: GET /rapr/v0/engagements/{engagementId}/risks/byriskassessmentid；GET /plannedresponse/GetPlanResponseDetailByRiskRiskScopeId | P95: 当前录制返回稳定运行时 risk id、RAITCOR 编号、描述、riskRiskScopeId；Higher planned detail 精确读回 | R95: v4录制 cfd09224：request-229/seq875；per-risk detail request-233/235/239/244/254/262 | S95: 部分确认 | T95: Higher=Higher; Lower=Lower; riskNumber 必须唯一精确匹配 | U95: SRC.风险评估.022.RISK | V95: 风险身份与 Higher planned-response 读回已证实。录制没有创建 Risk 或关联 mutation；不可据此解除写入阻断，也不可把当前对象 id 固化为模板常量。
A96: P1.CONTROL.APP.SAP_ECC.SAP_15 | B96: Phase 1 | C96: Control | D96: Application / SAP ECC | E96: Y | F96: Y | G96: SAP.15｜只有授权用户有权变更SAP批处理任务（包括接口任务）。 | H96: Omnia Control 目录项 | I96: Omnia自动 | J96: 按关系规则 | K96: 目录缺失则停止并报错 | M96: source-only | N96: controls[].id/controlNumber/name/description/controlRiskScopes[]；planned detail.planResponseSelectedControl/planResponseControl[].controlNumber/enabled/currentRiskScopes[].riskId/riskScopeId/assertionType/assertions | O96: GET /rapr/v0/engagements/{engagementId}/controls/byRiskAssessmentId/{id}；GET /plannedresponse/GetPlanResponseDetailByRiskRiskScopeId | P96: 当前录制返回稳定运行时 control id、SAPECC.xx 编号及既有关联 read-back；enabled=true 且 currentRiskScopes.isEnabled=true | R96: v4录制 cfd09224：request-230/seq881；per-risk detail request-233/235/239/254/262 | S96: 部分确认 | T96: controlNumber 必须唯一精确匹配；不得仅按模糊描述关联 | U96: SRC.风险评估.022.CONTROL | V96: 控制身份与 Higher 既有关联读回已证实。录制没有 control-risk associate/validate mutation；不可把“已经存在的关联”误写成“本次录制完成了关联写入”，运行时对象 id 不得固化。
A97: P1.CONTROL.APP.SAP_ECC.SAP_27 | B97: Phase 1 | C97: Control | D97: Application / SAP ECC | E97: Y | F97: Y | G97: SAP.27｜监控IDOC并及时解决问题；IDOC变更权限按岗位职责适当授予。 | H97: Omnia Control 目录项 | I97: Omnia自动 | J97: 按关系规则 | K97: 目录缺失则停止并报错 | M97: source-only | N97: controls[].id/controlNumber/name/description/controlRiskScopes[]；planned detail.planResponseSelectedControl/planResponseControl[].controlNumber/enabled/currentRiskScopes[].riskId/riskScopeId/assertionType/assertions | O97: GET /rapr/v0/engagements/{engagementId}/controls/byRiskAssessmentId/{id}；GET /plannedresponse/GetPlanResponseDetailByRiskRiskScopeId | P97: 当前录制返回稳定运行时 control id、SAPECC.xx 编号及既有关联 read-back；enabled=true 且 currentRiskScopes.isEnabled=true | R97: v4录制 cfd09224：request-230/seq881；per-risk detail request-233/235/239/254/262 | S97: 部分确认 | T97: controlNumber 必须唯一精确匹配；不得仅按模糊描述关联 | U97: SRC.风险评估.023.CONTROL | V97: 控制身份与 Higher 既有关联读回已证实。录制没有 control-risk associate/validate mutation；不可把“已经存在的关联”误写成“本次录制完成了关联写入”，运行时对象 id 不得固化。
A98: P1.CONTROL.APP.SAP_ECC.SAP_16 | B98: Phase 1 | C98: Control | D98: Application / SAP ECC | E98: Y | F98: Y | G98: SAP.16｜监控SAP关键任务，并纠正处理错误以确保成功完成。 | H98: Omnia Control 目录项 | I98: Omnia自动 | J98: 按关系规则 | K98: 目录缺失则停止并报错 | M98: source-only | N98: controls[].id/controlNumber/name/description/controlRiskScopes[]；planned detail.planResponseSelectedControl/planResponseControl[].controlNumber/enabled/currentRiskScopes[].riskId/riskScopeId/assertionType/assertions | O98: GET /rapr/v0/engagements/{engagementId}/controls/byRiskAssessmentId/{id}；GET /plannedresponse/GetPlanResponseDetailByRiskRiskScopeId | P98: 当前录制返回稳定运行时 control id、SAPECC.xx 编号及既有关联 read-back；enabled=true 且 currentRiskScopes.isEnabled=true | R98: v4录制 cfd09224：request-230/seq881；per-risk detail request-233/235/239/254/262 | S98: 部分确认 | T98: controlNumber 必须唯一精确匹配；不得仅按模糊描述关联 | U98: SRC.风险评估.024.CONTROL | V98: 控制身份与 Higher 既有关联读回已证实。录制没有 control-risk associate/validate mutation；不可把“已经存在的关联”误写成“本次录制完成了关联写入”，运行时对象 id 不得固化。
A99: P1.RISK.APP.SAP_ECC.RAITCOR001 | B99: Phase 1 | C99: Risk | D99: Application / SAP ECC | E99: Y | F99: Y | G99: RAITCOR001｜SAP ECC - 用户拥有的访问权限超出了执行分配的职责所必需的权限，这可能导致职责分离不当。 | H99: Omnia 已识别风险及分类规则 | I99: Agent执行 | J99: 规则驱动 | K99: 目录缺失则停止并报错 | L99: Higher|Lower|ClassificationNA | M99: source-only | N99: risks[].id/inkRiskNumber/riskNumber/description/riskRiskScopes[].id；planned detail.planResponseRisk[0].riskNumber/classificationType/riskRiskScopes | O99: GET /rapr/v0/engagements/{engagementId}/risks/byriskassessmentid；GET /plannedresponse/GetPlanResponseDetailByRiskRiskScopeId | P99: 当前录制返回稳定运行时 risk id、RAITCOR 编号、描述、riskRiskScopeId；Higher planned detail 精确读回 | R99: v4录制 cfd09224：request-229/seq875；per-risk detail request-233/235/239/244/254/262 | S99: 部分确认 | T99: Higher=Higher; Lower=Lower; riskNumber 必须唯一精确匹配 | U99: SRC.风险评估.025.RISK | V99: 风险身份与 Higher planned-response 读回已证实。录制没有创建 Risk 或关联 mutation；不可据此解除写入阻断，也不可把当前对象 id 固化为模板常量。
A100: P1.CONTROL.APP.SAP_ECC.SAP_01 | B100: Phase 1 | C100: Control | D100: Application / SAP ECC | E100: Y | F100: Y | G100: SAP.01｜管理层批准SAP新用户及变更用户访问权限的性质与范围，包括角色、关键交易及职责分离。 | H100: Omnia Control 目录项 | I100: Omnia自动 | J100: 按关系规则 | K100: 目录缺失则停止并报错 | M100: source-only | N100: controls[].id/controlNumber/name/description/controlRiskScopes[]；planned detail.planResponseSelectedControl/planResponseControl[].controlNumber/enabled/currentRiskScopes[].riskId/riskScopeId/assertionType/assertions | O100: GET /rapr/v0/engagements/{engagementId}/controls/byRiskAssessmentId/{id}；GET /plannedresponse/GetPlanResponseDetailByRiskRiskScopeId | P100: 当前录制返回稳定运行时 control id、SAPECC.xx 编号及既有关联 read-back；enabled=true 且 currentRiskScopes.isEnabled=true | R100: v4录制 cfd09224：request-230/seq881；per-risk detail request-233/235/239/254/262 | S100: 部分确认 | T100: controlNumber 必须唯一精确匹配；不得仅按模糊描述关联 | U100: SRC.风险评估.025.CONTROL | V100: 控制身份与 Higher 既有关联读回已证实。录制没有 control-risk associate/validate mutation；不可把“已经存在的关联”误写成“本次录制完成了关联写入”，运行时对象 id 不得固化。
A101: P1.CONTROL.APP.SAP_ECC.SAP_02 | B101: Phase 1 | C101: Control | D101: Application / SAP ECC | E101: Y | F101: Y | G101: SAP.02｜及时删除或修改已离职和/或调职用户的SAP访问权限。 | H101: Omnia Control 目录项 | I101: Omnia自动 | J101: 按关系规则 | K101: 目录缺失则停止并报错 | M101: source-only | N101: controls[].id/controlNumber/name/description/controlRiskScopes[]；planned detail.planResponseSelectedControl/planResponseControl[].controlNumber/enabled/currentRiskScopes[].riskId/riskScopeId/assertionType/assertions | O101: GET /rapr/v0/engagements/{engagementId}/controls/byRiskAssessmentId/{id}；GET /plannedresponse/GetPlanResponseDetailByRiskRiskScopeId | P101: 当前录制返回稳定运行时 control id、SAPECC.xx 编号及既有关联 read-back；enabled=true 且 currentRiskScopes.isEnabled=true | R101: v4录制 cfd09224：request-230/seq881；per-risk detail request-233/235/239/254/262 | S101: 部分确认 | T101: controlNumber 必须唯一精确匹配；不得仅按模糊描述关联 | U101: SRC.风险评估.026.CONTROL | V101: 控制身份与 Higher 既有关联读回已证实。录制没有 control-risk associate/validate mutation；不可把“已经存在的关联”误写成“本次录制完成了关联写入”，运行时对象 id 不得固化。
...

Sheet Risk-Control关系
A1: Risk–Control 多对多关系长表
A2: catalog_present_* 仅表示目录存在；link_required_* 决定 Agent 是否应关联。一个 Risk/Control 可出现多行；禁止逗号列表。
A4: relation_id | B4: risk_field_id | C4: Risk标准名 | D4: control_field_id | E4: Control标准名 | F4: 关系类型/方向 | G4: catalog_present_higher | H4: catalog_present_lower | I4: link_required_higher | J4: link_required_lower | K4: classification_higher | L4: classification_lower | M4: 执行适用层级 | N4: 适用场景/对象类型 | O4: 是否必需 | P4: 无资料时策略 | Q4: v4 evidence_type | R4: v4 JSON/API/DOM/connector路径 | S4: 证据文件+行号 | T4: 确认状态 | U4: source_trace_id | V4: 备注
A5: REL.APP.GENERIC.RAITCOR001.APP_01 | B5: P1.RISK.APP.GENERIC.RAITCOR001 | C5: RAITCOR001｜通用应用程序 - 用户拥有的访问权限超出了执行分配的职责所必需的权限，这可能导致职责分离不当。 | D5: P1.CONTROL.APP.GENERIC.APP_01 | E5: APP.01｜管理层批准新用户及变更的用户访问权限的性质与范围，包括标准的应用系统用户组/角色、关键财务报告交易和职责分离。 | F5: Risk -> Control | G5: Y | H5: Y | I5: Y | J5: Y | K5: Higher | L5: Lower | M5: 两者 | N5: Application / 通用应用程序 | O5: 条件必需 | P5: 按元素 RAIT 筛选；目录/端点缺失则停止并报错 | Q5: hybrid | R5: GET plannedresponse + GET controls + POST validateHiddenDataForRiskAssociation + POST controls/controlrisks/associate；connector: association.preflight | S5: src/omnia-phase1.js:1723-1812; toolkit/tools/gra-creator/src/app.js:3700-3865 | T5: 已确认-强 | U5: SRC.风险评估.005 | V5: catalog_present_* 表示目录存在；link_required_* 才决定 Agent 是否建立关联。
A6: REL.APP.GENERIC.RAITCOR001.APP_02 | B6: P1.RISK.APP.GENERIC.RAITCOR001 | C6: RAITCOR001｜通用应用程序 - 用户拥有的访问权限超出了执行分配的职责所必需的权限，这可能导致职责分离不当。 | D6: P1.CONTROL.APP.GENERIC.APP_02 | E6: APP.02｜及时删除或修改已离职和/或调职用户的访问权限。 | F6: Risk -> Control | G6: Y | H6: Y | I6: Y | J6: Y | K6: Higher | L6: Lower | M6: 两者 | N6: Application / 通用应用程序 | O6: 条件必需 | P6: 按元素 RAIT 筛选；目录/端点缺失则停止并报错 | Q6: hybrid | R6: GET plannedresponse + GET controls + POST validateHiddenDataForRiskAssociation + POST controls/controlrisks/associate；connector: association.preflight | S6: src/omnia-phase1.js:1723-1812; toolkit/tools/gra-creator/src/app.js:3700-3865 | T6: 已确认-强 | U6: SRC.风险评估.006 | V6: catalog_present_* 表示目录存在；link_required_* 才决定 Agent 是否建立关联。
A7: REL.APP.GENERIC.RAITCOR001.APP_03 | B7: P1.RISK.APP.GENERIC.RAITCOR001 | C7: RAITCOR001｜通用应用程序 - 用户拥有的访问权限超出了执行分配的职责所必需的权限，这可能导致职责分离不当。 | D7: P1.CONTROL.APP.GENERIC.APP_03 | E7: APP.03｜定期复核用户访问权限。 | F7: Risk -> Control | G7: Y | H7: N | I7: Y | J7: N | K7: Higher | L7: Lower | M7: Higher | N7: Application / 通用应用程序 | O7: 条件必需 | P7: 按元素 RAIT 筛选；目录/端点缺失则停止并报错 | Q7: hybrid | R7: GET plannedresponse + GET controls + POST validateHiddenDataForRiskAssociation + POST controls/controlrisks/associate；connector: association.preflight | S7: src/omnia-phase1.js:1723-1812; toolkit/tools/gra-creator/src/app.js:3700-3865 | T7: 已确认-强 | U7: SRC.风险评估.007 | V7: catalog_present_* 表示目录存在；link_required_* 才决定 Agent 是否建立关联。
A8: REL.APP.GENERIC.RAITCOR001.APP_06 | B8: P1.RISK.APP.GENERIC.RAITCOR001 | C8: RAITCOR001｜通用应用程序 - 用户拥有的访问权限超出了执行分配的职责所必需的权限，这可能导致职责分离不当。 | D8: P1.CONTROL.APP.GENERIC.APP_06 | E8: APP.06｜特权级别访问 (例如安全管理员) 已获得授权并受到适当限制。 | F8: Risk -> Control | G8: Y | H8: Y | I8: Y | J8: Y | K8: Higher | L8: Lower | M8: 两者 | N8: Application / 通用应用程序 | O8: 条件必需 | P8: 按元素 RAIT 筛选；目录/端点缺失则停止并报错 | Q8: hybrid | R8: GET plannedresponse + GET controls + POST validateHiddenDataForRiskAssociation + POST controls/controlrisks/associate；connector: association.preflight | S8: src/omnia-phase1.js:1723-1812; toolkit/tools/gra-creator/src/app.js:3700-3865 | T8: 已确认-强 | U8: SRC.风险评估.008 | V8: catalog_present_* 表示目录存在；link_required_* 才决定 Agent 是否建立关联。
A9: REL.APP.GENERIC.RAITCOR003.APP_05 | B9: P1.RISK.APP.GENERIC.RAITCOR003 | C9: RAITCOR003｜通用应用程序 - 系统配置或更新不足，无法限制正确授权和适当的用户访问系统。 | D9: P1.CONTROL.APP.GENERIC.APP_05 | E9: APP.05｜通过唯一的用户 ID 和密码或其他方法进行身份验证，以此作为验证用户是否有权访问系统的机制。密码参数符合公司和 / 或行业标准 (例如 密码最短长度和复杂度，密码自动过期，账号锁定)。 | F9: Risk -> Control | G9: Y | H9: Y | I9: Y | J9: Y | K9: Higher | L9: Lower | M9: 两者 | N9: Application / 通用应用程序 | O9: 条件必需 | P9: 按元素 RAIT 筛选；目录/端点缺失则停止并报错 | Q9: hybrid | R9: GET plannedresponse + GET controls + POST validateHiddenDataForRiskAssociation + POST controls/controlrisks/associate；connector: association.preflight | S9: src/omnia-phase1.js:1723-1812; toolkit/tools/gra-creator/src/app.js:3700-3865 | T9: 已确认-强 | U9: SRC.风险评估.010 | V9: catalog_present_* 表示目录存在；link_required_* 才决定 Agent 是否建立关联。
A10: REL.APP.GENERIC.RAITCOR004.APP_10 | B10: P1.RISK.APP.GENERIC.RAITCOR004 | C10: RAITCOR004｜通用应用程序 - 对包含相关自动控制 (即可配置设置，自动算法，自动计算和自动数据提取) 和 / 或报告逻辑的应用系统或程序进行了不适当的变更。 | D10: P1.CONTROL.APP.GENERIC.APP_10 | E10: APP.10｜在将应用程序变更移至生产环境之前，应对其进行适当的测试和批准。 | F10: Risk -> Control | G10: Y | H10: Y | I10: Y | J10: Y | K10: Higher | L10: Lower | M10: 两者 | N10: Application / 通用应用程序 | O10: 条件必需 | P10: 按元素 RAIT 筛选；目录/端点缺失则停止并报错 | Q10: hybrid | R10: GET plannedresponse + GET controls + POST validateHiddenDataForRiskAssociation + POST controls/controlrisks/associate；connector: association.preflight | S10: src/omnia-phase1.js:1723-1812; toolkit/tools/gra-creator/src/app.js:3700-3865 | T10: 已确认-强 | U10: SRC.风险评估.011 | V10: catalog_present_* 表示目录存在；link_required_* 才决定 Agent 是否建立关联。
A11: REL.APP.GENERIC.RAITCOR004.APP_13 | B11: P1.RISK.APP.GENERIC.RAITCOR004 | C11: RAITCOR004｜通用应用程序 - 对包含相关自动控制 (即可配置设置，自动算法，自动计算和自动数据提取) 和 / 或报告逻辑的应用系统或程序进行了不适当的变更。 | D11: P1.CONTROL.APP.GENERIC.APP_13 | E11: APP.13｜对应用程序生产环境进行变更的访问受到适当限制，并与开发环境隔离。 | F11: Risk -> Control | G11: Y | H11: Y | I11: Y | J11: Y | K11: Higher | L11: Lower | M11: 两者 | N11: Application / 通用应用程序 | O11: 条件必需 | P11: 按元素 RAIT 筛选；目录/端点缺失则停止并报错 | Q11: hybrid | R11: GET plannedresponse + GET controls + POST validateHiddenDataForRiskAssociation + POST controls/controlrisks/associate；connector: association.preflight | S11: src/omnia-phase1.js:1723-1812; toolkit/tools/gra-creator/src/app.js:3700-3865 | T11: 已确认-强 | U11: SRC.风险评估.012 | V11: catalog_present_* 表示目录存在；link_required_* 才决定 Agent 是否建立关联。
A12: REL.APP.GENERIC.RAITCOR010.DCNO_17 | B12: P1.RISK.APP.GENERIC.RAITCOR010 | C12: RAITCOR010｜通用应用程序 - 当数据丢失时，无法及时恢复或访问财务数据。 | D12: P1.CONTROL.APP.GENERIC.DCNO_17 | E12: DCNO.17｜财务数据定期根据既定的时间表和频率进行备份。 | F12: Risk -> Control | G12: Y | H12: Y | I12: N | J12: N | K12: Higher | L12: Lower | M12: 不建立关联 | N12: Application / 通用应用程序 | O12: N | P12: 按元素 RAIT 筛选；目录/端点缺失则停止并报错 | Q12: hybrid | R12: GET plannedresponse + GET controls + POST validateHiddenDataForRiskAssociation + POST controls/controlrisks/associate；connector: association.preflight | S12: src/omnia-phase1.js:1723-1812; toolkit/tools/gra-creator/src/app.js:3700-3865 | T12: 已确认-强 | U12: SRC.风险评估.014 | V12: catalog_present_* 表示目录存在；link_required_* 才决定 Agent 是否建立关联。
A13: REL.APP.GENERIC.RAITCOR011.APP_15 | B13: P1.RISK.APP.GENERIC.RAITCOR011 | C13: RAITCOR011｜通用应用程序 - 生产系统，程序和 / 或系统任务会导致数据处理不准确，不完整或对数据未经授权的处理。 | D13: P1.CONTROL.APP.GENERIC.APP_15 | E13: APP.15｜只有授权用户才有权变更定时任务调度软件中的批处理任务 (包括接口任务)。 | F13: Risk -> Control | G13: Y | H13: N | I13: Y | J13: N | K13: Higher | L13: Lower | M13: Higher | N13: Application / 通用应用程序 | O13: 条件必需 | P13: 按元素 RAIT 筛选；目录/端点缺失则停止并报错 | Q13: hybrid | R13: GET plannedresponse + GET controls + POST validateHiddenDataForRiskAssociation + POST controls/controlrisks/associate；connector: association.preflight | S13: src/omnia-phase1.js:1723-1812; toolkit/tools/gra-creator/src/app.js:3700-3865 | T13: 已确认-强 | U13: SRC.风险评估.015 | V13: catalog_present_* 表示目录存在；link_required_* 才决定 Agent 是否建立关联。
A14: REL.APP.GENERIC.RAITCOR011.APP_16 | B14: P1.RISK.APP.GENERIC.RAITCOR011 | C14: RAITCOR011｜通用应用程序 - 生产系统，程序和 / 或系统任务会导致数据处理不准确，不完整或对数据未经授权的处理。 | D14: P1.CONTROL.APP.GENERIC.APP_16 | E14: APP.16｜监控关键系统，程序和 / 或任务，并纠正处理错误以确保其成功完成。 | F14: Risk -> Control | G14: Y | H14: N | I14: Y | J14: N | K14: Higher | L14: Lower | M14: Higher | N14: Application / 通用应用程序 | O14: 条件必需 | P14: 按元素 RAIT 筛选；目录/端点缺失则停止并报错 | Q14: hybrid | R14: GET plannedresponse + GET controls + POST validateHiddenDataForRiskAssociation + POST controls/controlrisks/associate；connector: association.preflight | S14: src/omnia-phase1.js:1723-1812; toolkit/tools/gra-creator/src/app.js:3700-3865 | T14: 已确认-强 | U14: SRC.风险评估.016 | V14: catalog_present_* 表示目录存在；link_required_* 才决定 Agent 是否建立关联。
A15: REL.APP.SAP_ECC.RAITCOR011.SAP_15 | B15: P1.RISK.APP.SAP_ECC.RAITCOR011 | C15: RAITCOR011｜SAP ECC - 生产系统、程序和/或系统任务会导致数据处理不准确、不完整或未经授权。 | D15: P1.CONTROL.APP.SAP_ECC.SAP_15 | E15: SAP.15｜只有授权用户有权变更SAP批处理任务（包括接口任务）。 | F15: Risk -> Control | G15: Y | H15: Y | I15: Y | J15: Y | K15: Higher | L15: Lower | M15: 两者 | N15: Application / SAP ECC | O15: 条件必需（按元素 RAIT） | P15: 阻断：不创建、不降级、不猜测 | Q15: v4-recorder-identity+existing-link-readback+user-rule | R15: GET risks/byriskassessmentid -> risk.id/riskNumber/riskRiskScopes[].id；GET controls/byRiskAssessmentId/{id} -> control.id/controlNumber/controlRiskScopes[]；GET plannedresponse/GetPlanResponseDetailByRiskRiskScopeId -> planResponseRisk[0].riskNumber + selected/control[].controlNumber/enabled/currentRiskScopes[].riskId/riskScopeId/assertionType/assertions | S15: v4录制 cfd09224：request-229/seq875（risk list）；request-230/seq881（control list）；request-254/seq985；request-262/seq1021（Higher 既有关联读回） | T15: v4/SAP ECC已证实18/18身份与Higher既有关联读回；关联写入合同可复用；Lower无需单独验证 | U15: SRC.风险评估.022 | V15: 运行时按 riskScopeId/controlId/assertionType/assertion 动态组装并复用 v4 validate+associate 合同。Lower 目标集合取 link_required_lower=Y；无需独立 canary，仍执行幂等检查与写后读回。
... A69: REL.TOOL.IDENTITY.RAITTOOL005.TOOL_06 | B69: P1.RISK.TOOL.IDENTITY.RAITTOOL005 | C69: RAITTOOL005｜身份和访问管理工具 - 用户会被授予不当的访问权限，且/或终止用户的访问权限可能无法及时删除。 | D69: P1.CONTROL.TOOL.IDENTITY.TOOL_06 | E69: TOOL.06｜特权级别访问（如安全管理员或配置修改用户）已获授权并受到适当限制。 | F69: Risk -> Control | G69: Y | H69: Y | I69: Y | J69: Y | K69: Higher | L69: Lower | M69: 两者 | N69: IT Tool / 身份和访问管理工具 | O69: 条件必需 | P69: 按元素 RAIT 筛选；目录/端点缺失则停止并报错 | Q69: hybrid | R69: GET plannedresponse + GET controls + POST validateHiddenDataForRiskAssociation + POST controls/controlrisks/associate；connector: association.preflight | S69: src/omnia-phase1.js:1855-1868; toolkit/tools/gra-creator/src/app.js:3700-3865 | T69: 已确认-强 | U69: SRC.风险评估.129 | V69: catalog_present_* 表示目录存在；link_required_* 才决定 Agent 是否建立关联。
A70: REL.TOOL.IDENTITY.RAITTOOL005.TOOL_10 | B70: P1.RISK.TOOL.IDENTITY.RAITTOOL005 | C70: RAITTOOL005｜身份和访问管理工具访问授权风险 | D70: P1.CONTROL.TOOL.IDENTITY.TOOL_10 | E70: TOOL.10｜v4未发现标准中文名/待确认 | F70: Risk -> Control | G70: Y | H70: N | I70: Y | J70: N | K70: Higher | L70: Lower | M70: Higher | N70: IT Tool / 身份和访问管理工具 | O70: 条件必需 | P70: 按元素 RAIT 筛选；目录缺失则停止并报错 | Q70: derived | R70: toolScopedDefaults -> ControlLinks；GET controls + POST controls/controlrisks/associate | S70: src/omnia-phase1.js:1855-1868; toolkit/tools/gra-creator/src/app.js:3700-3865 | T70: 已确认-强 | V70: 来自 v4 录制合同；原表无标准中文名，明确待确认，不补猜。
A71: REL.TOOL.IDENTITY.RAITTOOL005.TOOL_01 | B71: P1.RISK.TOOL.IDENTITY.RAITTOOL005 | C71: RAITTOOL005｜身份和访问管理工具访问授权风险 | D71: P1.CONTROL.TOOL.IDENTITY.TOOL_01 | E71: TOOL.01｜v4未发现标准中文名/待确认 | F71: Risk -> Control | G71: Y | H71: N | I71: Y | J71: N | K71: Higher | L71: Lower | M71: Higher | N71: IT Tool / 身份和访问管理工具 | O71: 条件必需 | P71: 按元素 RAIT 筛选；目录缺失则停止并报错 | Q71: derived | R71: toolScopedDefaults -> ControlLinks；GET controls + POST controls/controlrisks/associate | S71: src/omnia-phase1.js:1855-1868; toolkit/tools/gra-creator/src/app.js:3700-3865 | T71: 已确认-强 | V71: 来自 v4 录制合同；原表无标准中文名，明确待确认，不补猜。
A72: REL.TOOL.IDENTITY.RAITTOOL005.TOOL_02 | B72: P1.RISK.TOOL.IDENTITY.RAITTOOL005 | C72: RAITTOOL005｜身份和访问管理工具访问授权风险 | D72: P1.CONTROL.TOOL.IDENTITY.TOOL_02 | E72: TOOL.02｜v4未发现标准中文名/待确认 | F72: Risk -> Control | G72: Y | H72: N | I72: Y | J72: N | K72: Higher | L72: Lower | M72: Higher | N72: IT Tool / 身份和访问管理工具 | O72: 条件必需 | P72: 按元素 RAIT 筛选；目录缺失则停止并报错 | Q72: derived | R72: toolScopedDefaults -> ControlLinks；GET controls + POST controls/controlrisks/associate | S72: src/omnia-phase1.js:1855-1868; toolkit/tools/gra-creator/src/app.js:3700-3865 | T72: 已确认-强 | V72: 来自 v4 录制合同；原表无标准中文名，明确待确认，不补猜。

Sheet V4接口证据
A1: V4 接口与录制证据
A2: 一条真实链路一行。API、DOM、connector、recording 分开标注；浏览器会话内 fetch 不伪装成纯后端 SDK。
A4: evidence_id | B4: operation | C4: evidence_type | D4: endpoint/method/connector operation | E4: payload/response/DOM | F4: 调用入口 | G4: 证据位置 | H4: 适用功能 | I4: 确认状态 | J4: 置信说明 | K4: 备注
A5: EV.P1.UPLOAD_PARSE | B5: 上传资料解析 | C5: derived | D5: 官方 V2 分区解析 | E5: systemInfoRows[] / relationships[] | F5: 读取 Excel 分区字段、校验必填/枚举并建立稳定关系键 | G5: src/omnia-phase1.js:656-768 | H5: 字段导入 | I5: 已确认-强 | J5: 精确 route、payload、read-back 或明确源码合同 | K5: 用户值仅运行时提取
A6: EV.P1.DERIVE | B6: 名称/描述派生 | C6: derived | D6: phase1OfficialDerivedValues | E6: graName=GRA-{id}; description=id | F6: 固定派生，不要求用户重复维护 | G6: src/domains/omnia/phase1/template-contract.js:98-105 | H6: IT Element/GRA | I6: 已确认-强 | J6: 精确 route、payload、read-back 或明确源码合同
A7: EV.P1.PAGE_FETCH | B7: 浏览器会话内 API | C7: hybrid | D7: page.evaluate(fetch) | E7: credentials=include; captured authorization; JSON response | F7: GET/POST/PATCH 均通过绑定 Omnia 页面会话执行 | G7: toolkit/tools/gra-creator/src/app.js:1340-1420 | H7: 所有 Phase1 API | I7: 已确认-强 | J7: 精确 route、payload、read-back 或明确源码合同 | K7: 不是 DOM 表单写入
A8: EV.P1.CREATE_ELEMENT | B8: 新建 IT Element | C8: api | D8: POST /rapr/v0/engagements/{engagementId}/itelement | E8: name, workspaceId, engagementId, number, description/itElementType/typeId；response.id | F8: createOneGra | G8: toolkit/tools/gra-creator/src/app.js:4808-4825 | H8: APP/DB/OS/Tool | I8: 已确认-强 | J8: 精确 route、payload、read-back 或明确源码合同 | K8: Tool 分支不含 description
A9: EV.P1.EDIT_SETTINGS | B9: 编辑 IT Element 设置 | C9: api | D9: PATCH /rapr/v0/engagements/{engagementId}/itelement/{id} | E9: JSON Patch /typeId,/isRelevant,/isDataAvailable + concurrency | F9: 创建后设置 | G9: toolkit/tools/gra-creator/src/it-element-settings.js:1-14; toolkit/tools/gra-creator/src/app.js:4867-4883 | H9: APP/DB/OS | I9: 已确认-强 | J9: 精确 route、payload、read-back 或明确源码合同 | K9: Tool 不适用
A10: EV.P1.ASSOC_INFRA_APP | B10: 关联 Infrastructure-Application | C10: api | D10: POST .../itelement/associate | E10: ItElementId, AssociatingEntityIds[], associationType=InfrastructureApplication, ConcurrencyTabId=602；双向搜索回读 | F10: 基础设施 GRA 创建前 | G10: toolkit/tools/gra-creator/src/phase1-relationships.js:97-198 | H10: DB/OS 与 APP | I10: 已确认-强 | J10: 精确 route、payload、read-back 或明确源码合同
A11: EV.P1.ASSOC_TOOL | B11: 关联 Tool-Element | C11: api | D11: POST .../itelement/associate | E11: associationType=ItToolApplication/ItToolInfrastructure; concurrency 802/803；回读 | F11: Tool 后处理 | G11: toolkit/tools/gra-creator/src/phase1-relationships.js:201-288 | H11: Tool 与 APP/Infrastructure | I11: 已确认-强 | J11: 精确 route、payload、read-back 或明确源码合同
A12: EV.P1.CREATE_GRA | B12: 新建 GRA | C12: api | D12: POST /rapr/v0/engagements/{engagementId}/riskassessments/create | E12: inkContentId,typeId,facetId,entityId,name；response id/workItemId/referenceNumber | F12: createOneGra | G12: toolkit/tools/gra-creator/src/app.js:4909-4945 | H12: GRA | I12: 已确认-强 | J12: 精确 route、payload、read-back 或明确源码合同
A13: EV.P1.RENAME_GRA | B13: 编辑 GRA 名称 | C13: api | D13: PATCH .../riskassessments/{id} | E13: JSON Patch /name | F13: 创建内容后 | G13: toolkit/tools/gra-creator/src/app.js:4960-4965 | H13: GRA | I13: 已确认-强 | J13: 精确 route、payload、read-back 或明确源码合同
A14: EV.P1.RISK_FACTORS | B14: 读取/编辑 Risk Factors | C14: api | D14: GET .../risk-factors/byRiskAssessmentId/{id}; PATCH categories/factors/{id} | E14: riskFactors[]; /applicable=true; /riskLevel | F14: GRA 评价 | G14: toolkit/tools/gra-creator/src/app.js:4968-4996 | H14: Risk factors | I14: 已确认-强 | J14: 精确 route、payload、read-back 或明确源码合同
A15: EV.P1.RAIT | B15: 编辑并回读 RAIT | C15: api | D15: PATCH + GET .../riskassessments/{id} | E15: JSON Patch /status=EvaluationStarted,/itElementRaitConclusionLevelId；GET read-back | F15: GRA 评价 | G15: toolkit/tools/gra-creator/src/app.js:4999-5023 | H15: RAIT | I15: 已确认-强 | J15: 精确 route、payload、read-back 或明确源码合同
A16: EV.P1.SUBMIT | B16: 提交评价 | C16: api | D16: POST .../submit-riskfactor-evaluation?skipValidation=false | E16: riskLevelOverride,isPurgeControlHiddenData,updateQM,accountContents；poll status=EvaluationComplete | F16: GRA 评价 | G16: toolkit/tools/gra-creator/src/app.js:5025-5049 | H16: GRA | I16: 已确认-强 | J16: 精确 route、payload、read-back 或明确源码合同
A17: EV.P1.READ_CATALOG | B17: 读取 Risk/Control 目录 | C17: api | D17: GET plannedresponse/byRiskAssessmentId；GET controls/byRiskAssessmentId | E17: plannedResponses[]; controls[] | F17: Risk-Control 后处理 | G17: toolkit/tools/gra-creator/src/app.js:3199-3251,3354-3400 | H17: Risk/Control | I17: 已确认-强 | J17: 精确 route、payload、read-back 或明确源码合同
A18: EV.P1.RISK_CLASS | B18: 设置 Risk 分类 | C18: api | D18: PATCH /rapr/v0/engagements/{engagementId}/risks/{risk.id} | E18: JSON Patch /classificationType with optional /updatedOn test | F18: Risk 后处理 | G18: toolkit/tools/gra-creator/src/app.js:5134-5145 | H18: Risk | I18: 已确认-强 | J18: 精确 route、payload、read-back 或明确源码合同
A19: EV.P1.LINK_VALIDATE | B19: Risk-Control 关联预检 | C19: api | D19: POST .../controls/validateHiddenDataForRiskAssociation | E19: riskId, operation=AddAssociation, controlIds[] | F19: associateGraControlLinks | G19: toolkit/tools/gra-creator/src/app.js:3797-3813 | H19: Risk-Control | I19: 已确认-强 | J19: 精确 route、payload、read-back 或明确源码合同 | K19: purgeHiddenData 受响应约束
A20: EV.P1.LINK_WRITE | B20: Risk-Control 建立关联 | C20: api | D20: POST .../controls/controlrisks/associate | E20: controlRiskScopes[{controlId,riskScopeId,assertionType,riskId,assertions[]}],riskId,updatedOn,isPurgeControlHiddenData | F20: associateGraControlLinks | G20: toolkit/tools/gra-creator/src/app.js:3814-3854 | H20: Risk-Control | I20: 已确认-强 | J20: 精确 route、payload、read-back 或明确源码合同 | K20: 写后轮询 detail 验证
A21: EV.P1.CONNECTOR_READ | B21: Connector 只读接口 | C21: connector | D21: engagement.inspect / controls-directory / association.preflight | E21: 输入 schema 与 handler 映射 | F21: Connector toolkit | G21: connector/src/toolkit-modules/audit-risk.js:9-29,70-100,207-224 | H21: 目录/预检 | I21: 已确认-强 | J21: 精确 route、payload、read-back 或明确源码合同 | K21: effect=read
A22: EV.P1.DELETE_GRA | B22: 删除 GRA | C22: api | D22: PATCH .../riskassessments/{id}/softdelete | E22: 无通用 body；白名单路由并回读回收站状态 | F22: Gateway delete workflow | G22: connector/src/omnia-gateway.js:47-55,5392-5410 | H22: GRA 删除 | I22: 已确认-强 | J22: 精确 route、payload、read-back 或明确源码合同 | K22: 独立删除合同
A23: EV.P1.DELETE_ELEMENT | B23: 删除 IT Element | C23: api | D23: PATCH .../itelement/{id}/softdelete | E23: 按 APP/DB/OS/Tool 独立授权；依赖预检/必要时 disassociate | F23: Gateway delete workflow | G23: connector/src/omnia-gateway.js:53-80,4156,4449,4500 | H23: IT Element 删除 | I23: 已确认-强 | J23: 精确 route、payload、read-back 或明确源码合同 | K23: 软删除
A24: EV.P1.RECORD_NETWORK | B24: 录制网络合同 | C24: recording | D24: CDP Network.requestWillBeSent/responseReceived/getResponseBody | E24: method,url,requestBody,responseBody；过滤敏感头和值 | F24: Omnia Recorder | G24: connector/src/omnia-recorder.js:1042-1085,1088-1264 | H24: API 契约录制 | I24: 已确认-强 | J24: 精确 route、payload、read-back 或明确源码合同 | K24: 录全量目录+代表性关联
A25: EV.P1.RECORD_DOM | B25: 录制 DOM 交互 | C25: dom | D25: 通用 nth-of-type selector（最多 5 层） | E25: action,selector,tag,type,role,ariaLabel,buttonLabel；敏感输入不记录 | F25: Omnia Recorder interaction instrumentation | G25: connector/src/omnia-recorder.js:47-130 | H25: DOM 交互证据 | I25: 已确认-强 | J25: 精确 route、payload、read-back 或明确源码合同 | K25: 不是字段级稳定 selector；字段映射不得伪装成 DOM

Sheet 规则与枚举
A1: 规则与枚举
A2: 默认值、允许值、必填逻辑和回退策略集中治理；字段母版仅呈现字段级结果，若冲突以本表经确认规则为准。
A4: rule_id | B4: 治理键 | C4: 规则类型 | D4: 适用字段/对象 | E4: 默认/枚举/逻辑 | F4: 无资料时回退/阻断策略 | G4: 依据 | H4: 确认状态
A5: RULE.P1.RUNTIME.USER_VALUES | B5: runtime.user_values | C5: 职责边界 | D5: 所有用户实际值 | E5: 仅在运行时由 Agent 从用户上传资料提取；母版不维护实际用户值 | F5: 无资料时按字段规则默认/回退；无策略则阻断 | G5: 用户判断 | H5: 已确认
A6: RULE.P1.APP.SUBTYPE | B6: APP.subtype | C6: 枚举 | D6: APP 类型 | E6: Generic|SAP ECC | F6: SAP ECC 执行阻断，不得降级为 Generic | G6: src/omnia-phase1.js:1048-1061 | H6: 已确认
A7: RULE.P1.DB.SUBTYPE | B7: DB.subtype | C7: 枚举 | D7: DB 类型 | E7: Generic|Oracle|SQL | F7: 无匹配则阻断 | G7: src/domains/omnia/phase1/template-contract.js:27-35 | H7: 已确认
A8: RULE.P1.OS.SUBTYPE | B8: OS.subtype | C8: 枚举 | D8: OS 类型 | E8: Generic|UNIX|WIN | F8: 无匹配则阻断 | G8: src/domains/omnia/phase1/template-contract.js:37-45 | H8: 已确认
A9: RULE.P1.TOOL.SUBTYPE | B9: TOOL.subtype | C9: 枚举 | D9: Tool 类型 | E9: 工单工具|身份和访问管理工具 | F9: 无录制合同则阻断 | G9: src/omnia-phase1.js:1855-1868 | H9: 已确认
A10: RULE.P1.RAIT | B10: GRA.rait | C10: 枚举 | D10: APP/Tool RAIT | E10: Higher|Lower | F10: 缺失/非法则阻断 | G10: src/omnia-phase1.js:701-708 | H10: 已确认
A11: RULE.P1.INFRA.RAIT | B11: INFRA.rait | C11: 继承 | D11: DB/OS RAIT | E11: 从所有关联 APP 的真实 GRA 回读继承且必须一致 | F11: 缺关联、不可读或不一致则阻断 | G11: src/omnia-phase1.js:1026-1045 | H11: 已确认
A12: RULE.P1.GRA.NAME | B12: GRA.name | C12: 派生 | D12: GRA 名称 | E12: GRA-{元素ID} | F12: 重名则阻断 | G12: src/domains/omnia/phase1/template-contract.js:98-105 | H12: 已确认
A13: RULE.P1.ELEMENT.NAME | B13: ITElement.name | C13: 派生 | D13: 元素名称 | E13: 与元素ID一致 | F13: ID缺失则阻断 | G13: src/domains/omnia/phase1/template-contract.js:98-105 | H13: 已确认
A14: RULE.P1.ELEMENT.RELEVANCE | B14: ITElement.isRelevant | C14: 默认 | D14: 与应用程序的相关性 | E14: FALSE/不相关 | F14: 非 Tool；PATCH 后回读 | G14: toolkit/tools/gra-creator/src/it-element-settings.js:1-14 | H14: 已确认
A15: RULE.P1.ELEMENT.DATA | B15: ITElement.isDataAvailable | C15: 默认 | D15: 数据可用性 | E15: FALSE | F15: 原表业务文字“开启”与 API 字段语义不等同，待业务确认 | G15: toolkit/tools/gra-creator/src/app.js:4877-4883 | H15: 部分确认
... A26: RULE.P1.GRA.SCORE.LOWER.ONE | B26: GRA.score.lower | C26: 动态评分 | D26: 每个适用评分项 | E26: Lower -> 1（仅 applicable=true 且 1 ∈ riskLevelSpectrum[].value） | F26: 15项运行时元数据均允许1；Lower 复用同一风险评分 PATCH 合同，所有 applicable=true 项写1，无需单独 Lower canary。 | G26: v4录制 cfd09224：riskFactors metadata request-180/seq677；Lower无写入事件 | H26: Lower按运行时 riskLevelSpectrum 选择 value=1，逐项写入并读回；不硬编码对象 ID

Sheet 覆盖与质检
A1: 覆盖与质检｜公式驱动
A2: 必填且来自上传资料、无默认值是合法策略；只有既无默认/回退又无明确上传/派生/继承/默认/自动策略时才报错。
A4: 指标 | B4: 公式结果 | D4: 证据状态 | E4: 字段数
A5: 正式源字段项 | B5: =COUNTIF(原始字段追溯!$E$5:$E$255,"字段") -> 180 | D5: 已确认-强 | E5: =COUNTIF(字段母版!$S$5:$S$191,D5) -> 137
A6: 已映射源字段项 | B6: =COUNTIFS(原始字段追溯!$E$5:$E$255,"字段",原始字段追溯!$N$5:$N$255,"<>") -> 180 | D6: 已确认-中 | E6: =COUNTIF(字段母版!$S$5:$S$191,D6) -> 0
A7: 源字段覆盖率 | B7: =IF(B5=0,0,B6/B5) -> 1 | D7: 已确认-弱 | E7: =COUNTIF(字段母版!$S$5:$S$191,D7) -> 0
A8: 规范化字段数 | B8: =COUNTA(字段母版!$A$5:$A$191) -> 187 | D8: 部分确认 | E8: =COUNTIF(字段母版!$S$5:$S$191,D8) -> 27
A9: Risk-Control 关系数 | B9: =COUNTA('Risk-Control关系'!$A$5:$A$72) -> 68 | D9: 执行阻断 | E9: =COUNTIF(字段母版!$S$5:$S$191,D9) -> 0
A10: 已确认强证据链 | B10: =COUNTIF(V4接口证据!$I$5:$I$25,"已确认-强") -> 21 | D10: v4未发现/待确认 | E10: =COUNTIF(字段母版!$S$5:$S$191,D10) -> 13
A11: 待确认/部分/阻断字段 | B11: =COUNTIF(字段母版!$S$5:$S$191,"v4未发现/待确认")+COUNTIF(字段母版!$S$5:$S$191,"部分确认")+COUNTIF(字段母版!$S$5:$S$191,"执行阻断") -> 40 | D11: 不适用 | E11: =COUNTIF(字段母版!$S$5:$S$191,D11) -> 2
A14: 源字段覆盖缺口
A15: trace_item_id | B15: 源位置 | C15: 源字段 | D15: 问题
A16: =IF(AND(原始字段追溯!$E$5="字段",原始字段追溯!$N$5=""),原始字段追溯!$A$5,"") | B16: =IF(A16="","",原始字段追溯!$C$5&"!"&原始字段追溯!$D$5) | C16: =IF(A16="","",原始字段追溯!$H$5) | D16: =IF(A16="","","正式源字段未映射")
A17: =IF(AND(原始字段追溯!$E$6="字段",原始字段追溯!$N$6=""),原始字段追溯!$A$6,"") | B17: =IF(A17="","",原始字段追溯!$C$6&"!"&原始字段追溯!$D$6) | C17: =IF(A17="","",原始字段追溯!$H$6) | D17: =IF(A17="","","正式源字段未映射")
A18: =IF(AND(原始字段追溯!$E$7="字段",原始字段追溯!$N$7=""),原始字段追溯!$A$7,"") | B18: =IF(A18="","",原始字段追溯!$C$7&"!"&原始字段追溯!$D$7) | C18: =IF(A18="","",原始字段追溯!$H$7) | D18: =IF(A18="","","正式源字段未映射")
A19: =IF(AND(原始字段追溯!$E$8="字段",原始字段追溯!$N$8=""),原始字段追溯!$A$8,"") | B19: =IF(A19="","",原始字段追溯!$C$8&"!"&原始字段追溯!$D$8) | C19: =IF(A19="","",原始字段追溯!$H$8) | D19: =IF(A19="","","正式源字段未映射")
A20: =IF(AND(原始字段追溯!$E$9="字段",原始字段追溯!$N$9=""),原始字段追溯!$A$9,"") | B20: =IF(A20="","",原始字段追溯!$C$9&"!"&原始字段追溯!$D$9) | C20: =IF(A20="","",原始字段追溯!$H$9) | D20: =IF(A20="","","正式源字段未映射")
A21: =IF(AND(原始字段追溯!$E$10="字段",原始字段追溯!$N$10=""),原始字段追溯!$A$10,"") | B21: =IF(A21="","",原始字段追溯!$C$10&"!"&原始字段追溯!$D$10) | C21: =IF(A21="","",原始字段追溯!$H$10) | D21: =IF(A21="","","正式源字段未映射")
A22: =IF(AND(原始字段追溯!$E$11="字段",原始字段追溯!$N$11=""),原始字段追溯!$A$11,"") | B22: =IF(A22="","",原始字段追溯!$C$11&"!"&原始字段追溯!$D$11) | C22: =IF(A22="","",原始字段追溯!$H$11) | D22: =IF(A22="","","正式源字段未映射")
A23: =IF(AND(原始字段追溯!$E$12="字段",原始字段追溯!$N$12=""),原始字段追溯!$A$12,"") | B23: =IF(A23="","",原始字段追溯!$C$12&"!"&原始字段追溯!$D$12) | C23: =IF(A23="","",原始字段追溯!$H$12) | D23: =IF(A23="","","正式源字段未映射")
A24: =IF(AND(原始字段追溯!$E$13="字段",原始字段追溯!$N$13=""),原始字段追溯!$A$13,"") | B24: =IF(A24="","",原始字段追溯!$C$13&"!"&原始字段追溯!$D$13) | C24: =IF(A24="","",原始字段追溯!$H$13) | D24: =IF(A24="","","正式源字段未映射")
A25: =IF(AND(原始字段追溯!$E$14="字段",原始字段追溯!$N$14=""),原始字段追溯!$A$14,"") | B25: =IF(A25="","",原始字段追溯!$C$14&"!"&原始字段追溯!$D$14) | C25: =IF(A25="","",原始字段追溯!$H$14) | D25: =IF(A25="","","正式源字段未映射")
A26: =IF(AND(原始字段追溯!$E$15="字段",原始字段追溯!$N$15=""),原始字段追溯!$A$15,"") | B26: =IF(A26="","",原始字段追溯!$C$15&"!"&原始字段追溯!$D$15) | C26: =IF(A26="","",原始字段追溯!$H$15) | D26: =IF(A26="","","正式源字段未映射")
A27: =IF(AND(原始字段追溯!$E$16="字段",原始字段追溯!$N$16=""),原始字段追溯!$A$16,"") | B27: =IF(A27="","",原始字段追溯!$C$16&"!"&原始字段追溯!$D$16) | C27: =IF(A27="","",原始字段追溯!$H$16) | D27: =IF(A27="","","正式源字段未映射")
A28: =IF(AND(原始字段追溯!$E$17="字段",原始字段追溯!$N$17=""),原始字段追溯!$A$17,"") | B28: =IF(A28="","",原始字段追溯!$C$17&"!"&原始字段追溯!$D$17) | C28: =IF(A28="","",原始字段追溯!$H$17) | D28: =IF(A28="","","正式源字段未映射")
A29: =IF(AND(原始字段追溯!$E$18="字段",原始字段追溯!$N$18=""),原始字段追溯!$A$18,"") | B29: =IF(A29="","",原始字段追溯!$C$18&"!"&原始字段追溯!$D$18) | C29: =IF(A29="","",原始字段追溯!$H$18) | D29: =IF(A29="","","正式源字段未映射")
A30: =IF(AND(原始字段追溯!$E$19="字段",原始字段追溯!$N$19=""),原始字段追溯!$A$19,"") | B30: =IF(A30="","",原始字段追溯!$C$19&"!"&原始字段追溯!$D$19) | C30: =IF(A30="","",原始字段追溯!$H$19) | D30: =IF(A30="","","正式源字段未映射")
A31: =IF(AND(原始字段追溯!$E$20="字段",原始字段追溯!$N$20=""),原始字段追溯!$A$20,"") | B31: =IF(A31="","",原始字段追溯!$C$20&"!"&原始字段追溯!$D$20) | C31: =IF(A31="","",原始字段追溯!$H$20) | D31: =IF(A31="","","正式源字段未映射")
A32: =IF(AND(原始字段追溯!$E$21="字段",原始字段追溯!$N$21=""),原始字段追溯!$A$21,"") | B32: =IF(A32="","",原始字段追溯!$C$21&"!"&原始字段追溯!$D$21) | C32: =IF(A32="","",原始字段追溯!$H$21) | D32: =IF(A32="","","正式源字段未映射")
A33: =IF(AND(原始字段追溯!$E$22="字段",原始字段追溯!$N$22=""),原始字段追溯!$A$22,"") | B33: =IF(A33="","",原始字段追溯!$C$22&"!"&原始字段追溯!$D$22) | C33: =IF(A33="","",原始字段追溯!$H$22) | D33: =IF(A33="","","正式源字段未映射")
A34: =IF(AND(原始字段追溯!$E$23="字段",原始字段追溯!$N$23=""),原始字段追溯!$A$23,"") | B34: =IF(A34="","",原始字段追溯!$C$23&"!"&原始字段追溯!$D$23) | C34: =IF(A34="","",原始字段追溯!$H$23) | D34: =IF(A34="","","正式源字段未映射")
A35: =IF(AND(原始字段追溯!$E$24="字段",原始字段追溯!$N$24=""),原始字段追溯!$A$24,"") | B35: =IF(A35="","",原始字段追溯!$C$24&"!"&原始字段追溯!$D$24) | C35: =IF(A35="","",原始字段追溯!$H$24) | D35: =IF(A35="","","正式源字段未映射")
A36: =IF(AND(原始字段追溯!$E$25="字段",原始字段追溯!$N$25=""),原始字段追溯!$A$25,"") | B36: =IF(A36="","",原始字段追溯!$C$25&"!"&原始字段追溯!$D$25) | C36: =IF(A36="","",原始字段追溯!$H$25) | D36: =IF(A36="","","正式源字段未映射")
A37: =IF(AND(原始字段追溯!$E$26="字段",原始字段追溯!$N$26=""),原始字段追溯!$A$26,"") | B37: =IF(A37="","",原始字段追溯!$C$26&"!"&原始字段追溯!$D$26) | C37: =IF(A37="","",原始字段追溯!$H$26) | D37: =IF(A37="","","正式源字段未映射")
A38: =IF(AND(原始字段追溯!$E$27="字段",原始字段追溯!$N$27=""),原始字段追溯!$A$27,"") | B38: =IF(A38="","",原始字段追溯!$C$27&"!"&原始字段追溯!$D$27) | C38: =IF(A38="","",原始字段追溯!$H$27) | D38: =IF(A38="","","正式源字段未映射")
A39: =IF(AND(原始字段追溯!$E$28="字段",原始字段追溯!$N$28=""),原始字段追溯!$A$28,"") | B39: =IF(A39="","",原始字段追溯!$C$28&"!"&原始字段追溯!$D$28) | C39: =IF(A39="","",原始字段追溯!$H$28) | D39: =IF(A39="","","正式源字段未映射")
A40: =IF(AND(原始字段追溯!$E$29="字段",原始字段追溯!$N$29=""),原始字段追溯!$A$29,"") | B40: =IF(A40="","",原始字段追溯!$C$29&"!"&原始字段追溯!$D$29) | C40: =IF(A40="","",原始字段追溯!$H$29) | D40: =IF(A40="","","正式源字段未映射")
A41: =IF(AND(原始字段追溯!$E$30="字段",原始字段追溯!$N$30=""),原始字段追溯!$A$30,"") | B41: =IF(A41="","",原始字段追溯!$C$30&"!"&原始字段追溯!$D$30) | C41: =IF(A41="","",原始字段追溯!$H$30) | D41: =IF(A41="","","正式源字段未映射")
A42: =IF(AND(原始字段追溯!$E$31="字段",原始字段追溯!$N$31=""),原始字段追溯!$A$31,"") | B42: =IF(A42="","",原始字段追溯!$C$31&"!"&原始字段追溯!$D$31) | C42: =IF(A42="","",原始字段追溯!$H$31) | D42: =IF(A42="","","正式源字段未映射")
A43: =IF(AND(原始字段追溯!$E$32="字段",原始字段追溯!$N$32=""),原始字段追溯!$A$32,"") | B43: =IF(A43="","",原始字段追溯!$C$32&"!"&原始字段追溯!$D$32) | C43: =IF(A43="","",原始字段追溯!$H$32) | D43: =IF(A43="","","正式源字段未映射")
A44: =IF(AND(原始字段追溯!$E$33="字段",原始字段追溯!$N$33=""),原始字段追溯!$A$33,"") | B44: =IF(A44="","",原始字段追溯!$C$33&"!"&原始字段追溯!$D$33) | C44: =IF(A44="","",原始字段追溯!$H$33) | D44: =IF(A44="","","正式源字段未映射")
A45: =IF(AND(原始字段追溯!$E$34="字段",原始字段追溯!$N$34=""),原始字段追溯!$A$34,"") | B45: =IF(A45="","",原始字段追溯!$C$34&"!"&原始字段追溯!$D$34) | C45: =IF(A45="","",原始字段追溯!$H$34) | D45: =IF(A45="","","正式源字段未映射")
A46: =IF(AND(原始字段追溯!$E$35="字段",原始字段追溯!$N$35=""),原始字段追溯!$A$35,"") | B46: =IF(A46="","",原始字段追溯!$C$35&"!"&原始字段追溯!$D$35) | C46: =IF(A46="","",原始字段追溯!$H$35) | D46: =IF(A46="","","正式源字段未映射")
A47: =IF(AND(原始字段追溯!$E$36="字段",原始字段追溯!$N$36=""),原始字段追溯!$A$36,"") | B47: =IF(A47="","",原始字段追溯!$C$36&"!"&原始字段追溯!$D$36) | C47: =IF(A47="","",原始字段追溯!$H$36) | D47: =IF(A47="","","正式源字段未映射")
A48: =IF(AND(原始字段追溯!$E$37="字段",原始字段追溯!$N$37=""),原始字段追溯!$A$37,"") | B48: =IF(A48="","",原始字段追溯!$C$37&"!"&原始字段追溯!$D$37) | C48: =IF(A48="","",原始字段追溯!$H$37) | D48: =IF(A48="","","正式源字段未映射")
A49: =IF(AND(原始字段追溯!$E$38="字段",原始字段追溯!$N$38=""),原始字段追溯!$A$38,"") | B49: =IF(A49="","",原始字段追溯!$C$38&"!"&原始字段追溯!$D$38) | C49: =IF(A49="","",原始字段追溯!$H$38) | D49: =IF(A49="","","正式源字段未映射")
A50: =IF(AND(原始字段追溯!$E$39="字段",原始字段追溯!$N$39=""),原始字段追溯!$A$39,"") | B50: =IF(A50="","",原始字段追溯!$C$39&"!"&原始字段追溯!$D$39) | C50: =IF(A50="","",原始字段追溯!$H$39) | D50: =IF(A50="","","正式源字段未映射")
A51: =IF(AND(原始字段追溯!$E$40="字段",原始字段追溯!$N$40=""),原始字段追溯!$A$40,"") | B51: =IF(A51="","",原始字段追溯!$C$40&"!"&原始字段追溯!$D$40) | C51: =IF(A51="","",原始字段追溯!$H$40) | D51: =IF(A51="","","正式源字段未映射")
A52: =IF(AND(原始字段追溯!$E$41="字段",原始字段追溯!$N$41=""),原始字段追溯!$A$41,"") | B52: =IF(A52="","",原始字段追溯!$C$41&"!"&原始字段追溯!$D$41) | C52: =IF(A52="","",原始字段追溯!$H$41) | D52: =IF(A52="","","正式源字段未映射")
A53: =IF(AND(原始字段追溯!$E$42="字段",原始字段追溯!$N$42=""),原始字段追溯!$A$42,"") | B53: =IF(A53="","",原始字段追溯!$C$42&"!"&原始字段追溯!$D$42) | C53: =IF(A53="","",原始字段追溯!$H$42) | D53: =IF(A53="","","正式源字段未映射")
A54: =IF(AND(原始字段追溯!$E$43="字段",原始字段追溯!$N$43=""),原始字段追溯!$A$43,"") | B54: =IF(A54="","",原始字段追溯!$C$43&"!"&原始字段追溯!$D$43) | C54: =IF(A54="","",原始字段追溯!$H$43) | D54: =IF(A54="","","正式源字段未映射")
A55: =IF(AND(原始字段追溯!$E$44="字段",原始字段追溯!$N$44=""),原始字段追溯!$A$44,"") | B55: =IF(A55="","",原始字段追溯!$C$44&"!"&原始字段追溯!$D$44) | C55: =IF(A55="","",原始字段追溯!$H$44) | D55: =IF(A55="","","正式源字段未映射")
A56: =IF(AND(原始字段追溯!$E$45="字段",原始字段追溯!$N$45=""),原始字段追溯!$A$45,"") | B56: =IF(A56="","",原始字段追溯!$C$45&"!"&原始字段追溯!$D$45) | C56: =IF(A56="","",原始字段追溯!$H$45) | D56: =IF(A56="","","正式源字段未映射")
A57: =IF(AND(原始字段追溯!$E$46="字段",原始字段追溯!$N$46=""),原始字段追溯!$A$46,"") | B57: =IF(A57="","",原始字段追溯!$C$46&"!"&原始字段追溯!$D$46) | C57: =IF(A57="","",原始字段追溯!$H$46) | D57: =IF(A57="","","正式源字段未映射")
A58: =IF(AND(原始字段追溯!$E$47="字段",原始字段追溯!$N$47=""),原始字段追溯!$A$47,"") | B58: =IF(A58="","",原始字段追溯!$C$47&"!"&原始字段追溯!$D$47) | C58: =IF(A58="","",原始字段追溯!$H$47) | D58: =IF(A58="","","正式源字段未映射")
A59: =IF(AND(原始字段追溯!$E$48="字段",原始字段追溯!$N$48=""),原始字段追溯!$A$48,"") | B59: =IF(A59="","",原始字段追溯!$C$48&"!"&原始字段追溯!$D$48) | C59: =IF(A59="","",原始字段追溯!$H$48) | D59: =IF(A59="","","正式源字段未映射")
A60: =IF(AND(原始字段追溯!$E$49="字段",原始字段追溯!$N$49=""),原始字段追溯!$A$49,"") | B60: =IF(A60="","",原始字段追溯!$C$49&"!"&原始字段追溯!$D$49) | C60: =IF(A60="","",原始字段追溯!$H$49) | D60: =IF(A60="","","正式源字段未映射")
A61: =IF(AND(原始字段追溯!$E$50="字段",原始字段追溯!$N$50=""),原始字段追溯!$A$50,"") | B61: =IF(A61="","",原始字段追溯!$C$50&"!"&原始字段追溯!$D$50) | C61: =IF(A61="","",原始字段追溯!$H$50) | D61: =IF(A61="","","正式源字段未映射")
A62: =IF(AND(原始字段追溯!$E$51="字段",原始字段追溯!$N$51=""),原始字段追溯!$A$51,"") | B62: =IF(A62="","",原始字段追溯!$C$51&"!"&原始字段追溯!$D$51) | C62: =IF(A62="","",原始字段追溯!$H$51) | D62: =IF(A62="","","正式源字段未映射")
A63: =IF(AND(原始字段追溯!$E$52="字段",原始字段追溯!$N$52=""),原始字段追溯!$A$52,"") | B63: =IF(A63="","",原始字段追溯!$C$52&"!"&原始字段追溯!$D$52) | C63: =IF(A63="","",原始字段追溯!$H$52) | D63: =IF(A63="","","正式源字段未映射")
A64: =IF(AND(原始字段追溯!$E$53="字段",原始字段追溯!$N$53=""),原始字段追溯!$A$53,"") | B64: =IF(A64="","",原始字段追溯!$C$53&"!"&原始字段追溯!$D$53) | C64: =IF(A64="","",原始字段追溯!$H$53) | D64: =IF(A64="","","正式源字段未映射")
A65: =IF(AND(原始字段追溯!$E$54="字段",原始字段追溯!$N$54=""),原始字段追溯!$A$54,"") | B65: =IF(A65="","",原始字段追溯!$C$54&"!"&原始字段追溯!$D$54) | C65: =IF(A65="","",原始字段追溯!$H$54) | D65: =IF(A65="","","正式源字段未映射")
A66: =IF(AND(原始字段追溯!$E$55="字段",原始字段追溯!$N$55=""),原始字段追溯!$A$55,"") | B66: =IF(A66="","",原始字段追溯!$C$55&"!"&原始字段追溯!$D$55) | C66: =IF(A66="","",原始字段追溯!$H$55) | D66: =IF(A66="","","正式源字段未映射")
A67: =IF(AND(原始字段追溯!$E$56="字段",原始字段追溯!$N$56=""),原始字段追溯!$A$56,"") | B67: =IF(A67="","",原始字段追溯!$C$56&"!"&原始字段追溯!$D$56) | C67: =IF(A67="","",原始字段追溯!$H$56) | D67: =IF(A67="","","正式源字段未映射")
A68: =IF(AND(原始字段追溯!$E$57="字段",原始字段追溯!$N$57=""),原始字段追溯!$A$57,"") | B68: =IF(A68="","",原始字段追溯!$C$57&"!"&原始字段追溯!$D$57) | C68: =IF(A68="","",原始字段追溯!$H$57) | D68: =IF(A68="","","正式源字段未映射")
A69: =IF(AND(原始字段追溯!$E$58="字段",原始字段追溯!$N$58=""),原始字段追溯!$A$58,"") | B69: =IF(A69="","",原始字段追溯!$C$58&"!"&原始字段追溯!$D$58) | C69: =IF(A69="","",原始字段追溯!$H$58) | D69: =IF(A69="","","正式源字段未映射")
A70: =IF(AND(原始字段追溯!$E$59="字段",原始字段追溯!$N$59=""),原始字段追溯!$A$59,"") | B70: =IF(A70="","",原始字段追溯!$C$59&"!"&原始字段追溯!$D$59) | C70: =IF(A70="","",原始字段追溯!$H$59) | D70: =IF(A70="","","正式源字段未映射")
A71: =IF(AND(原始字段追溯!$E$60="字段",原始字段追溯!$N$60=""),原始字段追溯!$A$60,"") | B71: =IF(A71="","",原始字段追溯!$C$60&"!"&原始字段追溯!$D$60) | C71: =IF(A71="","",原始字段追溯!$H$60) | D71: =IF(A71="","","正式源字段未映射")
A72: =IF(AND(原始字段追溯!$E$61="字段",原始字段追溯!$N$61=""),原始字段追溯!$A$61,"") | B72: =IF(A72="","",原始字段追溯!$C$61&"!"&原始字段追溯!$D$61) | C72: =IF(A72="","",原始字段追溯!$H$61) | D72: =IF(A72="","","正式源字段未映射")
A73: =IF(AND(原始字段追溯!$E$62="字段",原始字段追溯!$N$62=""),原始字段追溯!$A$62,"") | B73: =IF(A73="","",原始字段追溯!$C$62&"!"&原始字段追溯!$D$62) | C73: =IF(A73="","",原始字段追溯!$H$62) | D73: =IF(A73="","","正式源字段未映射")
A74: =IF(AND(原始字段追溯!$E$63="字段",原始字段追溯!$N$63=""),原始字段追溯!$A$63,"") | B74: =IF(A74="","",原始字段追溯!$C$63&"!"&原始字段追溯!$D$63) | C74: =IF(A74="","",原始字段追溯!$H$63) | D74: =IF(A74="","","正式源字段未映射")
A75: =IF(AND(原始字段追溯!$E$64="字段",原始字段追溯!$N$64=""),原始字段追溯!$A$64,"") | B75: =IF(A75="","",原始字段追溯!$C$64&"!"&原始字段追溯!$D$64) | C75: =IF(A75="","",原始字段追溯!$H$64) | D75: =IF(A75="","","正式源字段未映射")
A76: =IF(AND(原始字段追溯!$E$65="字段",原始字段追溯!$N$65=""),原始字段追溯!$A$65,"") | B76: =IF(A76="","",原始字段追溯!$C$65&"!"&原始字段追溯!$D$65) | C76: =IF(A76="","",原始字段追溯!$H$65) | D76: =IF(A76="","","正式源字段未映射")
A77: =IF(AND(原始字段追溯!$E$66="字段",原始字段追溯!$N$66=""),原始字段追溯!$A$66,"") | B77: =IF(A77="","",原始字段追溯!$C$66&"!"&原始字段追溯!$D$66) | C77: =IF(A77="","",原始字段追溯!$H$66) | D77: =IF(A77="","","正式源字段未映射")
A78: =IF(AND(原始字段追溯!$E$67="字段",原始字段追溯!$N$67=""),原始字段追溯!$A$67,"") | B78: =IF(A78="","",原始字段追溯!$C$67&"!"&原始字段追溯!$D$67) | C78: =IF(A78="","",原始字段追溯!$H$67) | D78: =IF(A78="","","正式源字段未映射")
A79: =IF(AND(原始字段追溯!$E$68="字段",原始字段追溯!$N$68=""),原始字段追溯!$A$68,"") | B79: =IF(A79="","",原始字段追溯!$C$68&"!"&原始字段追溯!$D$68) | C79: =IF(A79="","",原始字段追溯!$H$68) | D79: =IF(A79="","","正式源字段未映射")
A80: =IF(AND(原始字段追溯!$E$69="字段",原始字段追溯!$N$69=""),原始字段追溯!$A$69,"") | B80: =IF(A80="","",原始字段追溯!$C$69&"!"&原始字段追溯!$D$69) | C80: =IF(A80="","",原始字段追溯!$H$69) | D80: =IF(A80="","","正式源字段未映射")
A81: =IF(AND(原始字段追溯!$E$70="字段",原始字段追溯!$N$70=""),原始字段追溯!$A$70,"") | B81: =IF(A81="","",原始字段追溯!$C$70&"!"&原始字段追溯!$D$70) | C81: =IF(A81="","",原始字段追溯!$H$70) | D81: =IF(A81="","","正式源字段未映射")
A82: =IF(AND(原始字段追溯!$E$71="字段",原始字段追溯!$N$71=""),原始字段追溯!$A$71,"") | B82: =IF(A82="","",原始字段追溯!$C$71&"!"&原始字段追溯!$D$71) | C82: =IF(A82="","",原始字段追溯!$H$71) | D82: =IF(A82="","","正式源字段未映射")
A83: =IF(AND(原始字段追溯!$E$72="字段",原始字段追溯!$N$72=""),原始字段追溯!$A$72,"") | B83: =IF(A83="","",原始字段追溯!$C$72&"!"&原始字段追溯!$D$72) | C83: =IF(A83="","",原始字段追溯!$H$72) | D83: =IF(A83="","","正式源字段未映射")
A84: =IF(AND(原始字段追溯!$E$73="字段",原始字段追溯!$N$73=""),原始字段追溯!$A$73,"") | B84: =IF(A84="","",原始字段追溯!$C$73&"!"&原始字段追溯!$D$73) | C84: =IF(A84="","",原始字段追溯!$H$73) | D84: =IF(A84="","","正式源字段未映射")
A85: =IF(AND(原始字段追溯!$E$74="字段",原始字段追溯!$N$74=""),原始字段追溯!$A$74,"") | B85: =IF(A85="","",原始字段追溯!$C$74&"!"&原始字段追溯!$D$74) | C85: =IF(A85="","",原始字段追溯!$H$74) | D85: =IF(A85="","","正式源字段未映射")
A86: =IF(AND(原始字段追溯!$E$75="字段",原始字段追溯!$N$75=""),原始字段追溯!$A$75,"") | B86: =IF(A86="","",原始字段追溯!$C$75&"!"&原始字段追溯!$D$75) | C86: =IF(A86="","",原始字段追溯!$H$75) | D86: =IF(A86="","","正式源字段未映射")
A87: =IF(AND(原始字段追溯!$E$76="字段",原始字段追溯!$N$76=""),原始字段追溯!$A$76,"") | B87: =IF(A87="","",原始字段追溯!$C$76&"!"&原始字段追溯!$D$76) | C87: =IF(A87="","",原始字段追溯!$H$76) | D87: =IF(A87="","","正式源字段未映射")
A88: =IF(AND(原始字段追溯!$E$77="字段",原始字段追溯!$N$77=""),原始字段追溯!$A$77,"") | B88: =IF(A88="","",原始字段追溯!$C$77&"!"&原始字段追溯!$D$77) | C88: =IF(A88="","",原始字段追溯!$H$77) | D88: =IF(A88="","","正式源字段未映射")
A89: =IF(AND(原始字段追溯!$E$78="字段",原始字段追溯!$N$78=""),原始字段追溯!$A$78,"") | B89: =IF(A89="","",原始字段追溯!$C$78&"!"&原始字段追溯!$D$78) | C89: =IF(A89="","",原始字段追溯!$H$78) | D89: =IF(A89="","","正式源字段未映射")
A90: =IF(AND(原始字段追溯!$E$79="字段",原始字段追溯!$N$79=""),原始字段追溯!$A$79,"") | B90: =IF(A90="","",原始字段追溯!$C$79&"!"&原始字段追溯!$D$79) | C90: =IF(A90="","",原始字段追溯!$H$79) | D90: =IF(A90="","","正式源字段未映射")
A91: =IF(AND(原始字段追溯!$E$80="字段",原始字段追溯!$N$80=""),原始字段追溯!$A$80,"") | B91: =IF(A91="","",原始字段追溯!$C$80&"!"&原始字段追溯!$D$80) | C91: =IF(A91="","",原始字段追溯!$H$80) | D91: =IF(A91="","","正式源字段未映射")
A92: =IF(AND(原始字段追溯!$E$81="字段",原始字段追溯!$N$81=""),原始字段追溯!$A$81,"") | B92: =IF(A92="","",原始字段追溯!$C$81&"!"&原始字段追溯!$D$81) | C92: =IF(A92="","",原始字段追溯!$H$81) | D92: =IF(A92="","","正式源字段未映射")
A93: =IF(AND(原始字段追溯!$E$82="字段",原始字段追溯!$N$82=""),原始字段追溯!$A$82,"") | B93: =IF(A93="","",原始字段追溯!$C$82&"!"&原始字段追溯!$D$82) | C93: =IF(A93="","",原始字段追溯!$H$82) | D93: =IF(A93="","","正式源字段未映射")
A94: =IF(AND(原始字段追溯!$E$83="字段",原始字段追溯!$N$83=""),原始字段追溯!$A$83,"") | B94: =IF(A94="","",原始字段追溯!$C$83&"!"&原始字段追溯!$D$83) | C94: =IF(A94="","",原始字段追溯!$H$83) | D94: =IF(A94="","","正式源字段未映射")
A95: =IF(AND(原始字段追溯!$E$84="字段",原始字段追溯!$N$84=""),原始字段追溯!$A$84,"") | B95: =IF(A95="","",原始字段追溯!$C$84&"!"&原始字段追溯!$D$84) | C95: =IF(A95="","",原始字段追溯!$H$84) | D95: =IF(A95="","","正式源字段未映射")
A96: =IF(AND(原始字段追溯!$E$85="字段",原始字段追溯!$N$85=""),原始字段追溯!$A$85,"") | B96: =IF(A96="","",原始字段追溯!$C$85&"!"&原始字段追溯!$D$85) | C96: =IF(A96="","",原始字段追溯!$H$85) | D96: =IF(A96="","","正式源字段未映射")
A97: =IF(AND(原始字段追溯!$E$86="字段",原始字段追溯!$N$86=""),原始字段追溯!$A$86,"") | B97: =IF(A97="","",原始字段追溯!$C$86&"!"&原始字段追溯!$D$86) | C97: =IF(A97="","",原始字段追溯!$H$86) | D97: =IF(A97="","","正式源字段未映射")
A98: =IF(AND(原始字段追溯!$E$87="字段",原始字段追溯!$N$87=""),原始字段追溯!$A$87,"") | B98: =IF(A98="","",原始字段追溯!$C$87&"!"&原始字段追溯!$D$87) | C98: =IF(A98="","",原始字段追溯!$H$87) | D98: =IF(A98="","","正式源字段未映射")
A99: =IF(AND(原始字段追溯!$E$88="字段",原始字段追溯!$N$88=""),原始字段追溯!$A$88,"") | B99: =IF(A99="","",原始字段追溯!$C$88&"!"&原始字段追溯!$D$88) | C99: =IF(A99="","",原始字段追溯!$H$88) | D99: =IF(A99="","","正式源字段未映射")
A100: =IF(AND(原始字段追溯!$E$89="字段",原始字段追溯!$N$89=""),原始字段追溯!$A$89,"") | B100: =IF(A100="","",原始字段追溯!$C$89&"!"&原始字段追溯!$D$89) | C100: =IF(A100="","",原始字段追溯!$H$89) | D100: =IF(A100="","","正式源字段未映射")
A101: =IF(AND(原始字段追溯!$E$90="字段",原始字段追溯!$N$90=""),原始字段追溯!$A$90,"") | B101: =IF(A101="","",原始字段追溯!$C$90&"!"&原始字段追溯!$D$90) | C101: =IF(A101="","",原始字段追溯!$H$90) | D101: =IF(A101="","","正式源字段未映射")
A102: =IF(AND(原始字段追溯!$E$91="字段",原始字段追溯!$N$91=""),原始字段追溯!$A$91,"") | B102: =IF(A102="","",原始字段追溯!$C$91&"!"&原始字段追溯!$D$91) | C102: =IF(A102="","",原始字段追溯!$H$91) | D102: =IF(A102="","","正式源字段未映射")
A103: =IF(AND(原始字段追溯!$E$92="字段",原始字段追溯!$N$92=""),原始字段追溯!$A$92,"") | B103: =IF(A103="","",原始字段追溯!$C$92&"!"&原始字段追溯!$D$92) | C103: =IF(A103="","",原始字段追溯!$H$92) | D103: =IF(A103="","","正式源字段未映射")
...

Sheet 原始字段追溯
A1: 原始字段追溯
A2: 每个正式源字段项映射到一个 master_field_id；同一原始行同时含 Risk 与 Control 时拆成两条追溯项，不用逗号列表。结构行也保留以便审计。
A4: trace_item_id | B4: source_file | C4: source_sheet | D4: source_row | E4: 行角色 | F4: 源对象类型 | G4: 源区段/子类型 | H4: 源字段/编号 | I4: 原始描述/汇总 | J4: 原始填写方式/评估 | K4: 原始示例/关系 | L4: 原始Higher/非AI校验 | M4: 原始Lower/AI校验 | N4: master_field_id | O4: 追溯状态 | P4: 备注
A5: SRC.IT元素.001 | B5: omnia agent字段对照文档-补全.xlsx | C5: IT元素 | D5: 1 | E5: 结构/说明 | G5: IT元素 | H5: 备注 | O5: 不适用 | P5: 原始文本逐项保留；未改变原意。
A6: SRC.IT元素.002 | B6: omnia agent字段对照文档-补全.xlsx | C6: IT元素 | D6: 2 | E6: 结构/说明 | G6: IT元素 | H6: 名称以中文版Omnia显示的字段优先 | O6: 不适用 | P6: 原始文本逐项保留；未改变原意。
A7: SRC.IT元素.003 | B7: omnia agent字段对照文档-补全.xlsx | C7: IT元素 | D7: 3 | E7: 结构/说明 | G7: IT元素 | H7: 以用户首次创建元素，由上到下，由左到右依次记录 | O7: 不适用 | P7: 原始文本逐项保留；未改变原意。
A8: SRC.IT元素.005 | B8: omnia agent字段对照文档-补全.xlsx | C8: IT元素 | D8: 5 | E8: 结构/说明 | F8: Application | G8: IT元素 | H8: 应用程序 | O8: 不适用 | P8: 原始文本逐项保留；未改变原意。
A9: SRC.IT元素.006 | B9: omnia agent字段对照文档-补全.xlsx | C9: IT元素 | D9: 6 | E9: 结构/说明 | F9: Application | G9: IT元素 | H9: Key | I9: 描述 | J9: 填写方式 | K9: 示例/默认值 | L9: 校验内容（非AI） | M9: 校验内容（AI） | O9: 不适用 | P9: 原始文本逐项保留；未改变原意。
A10: SRC.IT元素.007 | B10: omnia agent字段对照文档-补全.xlsx | C10: IT元素 | D10: 7 | E10: 字段 | F10: Application | G10: IT元素 | H10: ID | I10: 应用程序唯一键，系统必填 | J10: 用户必填 | K10: APP-金蝶系统 | L10: 1、是否填写 2、是否与其他活跃元素重名 3、是否与其他回收站内元素重名 | M10: 1、与之后的risk判断因素中描述的内容是否一致 | N10: P1.APP.IT.ELEMENT_ID | O10: 已映射 | P10: 原始文本逐项保留；未改变原意。
A11: SRC.IT元素.008 | B11: omnia agent字段对照文档-补全.xlsx | C11: IT元素 | D11: 8 | E11: 字段 | F11: Application | G11: IT元素 | H11: 名称 | I11: 可与ID一致，系统必填 | J11: agent代填 | K11: 与ID一致 | N11: P1.APP.IT.ELEMENT_NAME | O11: 已映射 | P11: 原始文本逐项保留；未改变原意。
A12: SRC.IT元素.009 | B12: omnia agent字段对照文档-补全.xlsx | C12: IT元素 | D12: 9 | E12: 字段 | F12: Application | G12: IT元素 | H12: 链接至工作区 | I12: 系统必填 | J12: 用户必填 | K12: TEST | L12: 1、工作区填写是否正确 | M12: 1、若存在与APP名称相似的工作区，可校验ID与工作区是否存在疑似冲突 | N12: P1.APP.IT.WORKSPACE | O12: 已映射 | P12: 原始文本逐项保留；未改变原意。
A13: SRC.IT元素.010 | B13: omnia agent字段对照文档-补全.xlsx | C13: IT元素 | D13: 10 | E13: 字段 | F13: Application | G13: IT元素 | H13: 描述 | I13: 选填 | J13: agent代填 | K13: 与ID一致 | N13: P1.APP.IT.DESCRIPTION | O13: 已映射 | P13: 原始文本逐项保留；未改变原意。
A14: SRC.IT元素.011 | B14: omnia agent字段对照文档-补全.xlsx | C14: IT元素 | D14: 11 | E14: 字段 | F14: Application | G14: IT元素 | H14: 与应用程序的相关性 | J14: agent代填 | K14: 不相关 | N14: P1.APP.IT.IS_RELEVANT | O14: 已映射 | P14: 原始文本逐项保留；未改变原意。
A15: SRC.IT元素.012 | B15: omnia agent字段对照文档-补全.xlsx | C15: IT元素 | D15: 12 | E15: 字段 | F15: Application | G15: IT元素 | H15: IT元素和相关信息技术整体控制(GITC) 将在此约定项目档案的结构化数据中进行测试 | I15: 创建的时候自动开启 | J15: 默认 | K15: 开启 | N15: P1.APP.IT.IS_DATA_AVAILABLE | O15: 已映射 | P15: 原始文本逐项保留；未改变原意。
A16: SRC.IT元素.013 | B16: omnia agent字段对照文档-补全.xlsx | C16: IT元素 | D16: 13 | E16: 字段 | F16: Application | G16: IT元素 | H16: 添加风险评估GRA | I16: 参见<GRA>-应用程序 | N16: P1.APP.IT.GRA_ENTRY | O16: 已映射 | P16: 原始文本逐项保留；未改变原意。
A17: SRC.IT元素.014 | B17: omnia agent字段对照文档-补全.xlsx | C17: IT元素 | D17: 14 | E17: 字段 | F17: Application | G17: IT元素 | H17: 详细信息-本年度重大修改 | I17: 考虑IT元素在本年度是否已发生重大变化 (例如，系统升级，新系统实施) 或修改。考虑变更的性质和变更的范围。 | J17: 默认 | K17: 不开启 | N17: P1.APP.IT.MAJOR_CHANGE_THIS_YEAR | O17: 已映射 | P17: 原始文本逐项保留；未改变原意。
A18: SRC.IT元素.015 | B18: omnia agent字段对照文档-补全.xlsx | C18: IT元素 | D18: 15 | E18: 字段 | F18: Application | G18: IT元素 | H18: 详细信息-受到服务机构支持（包括提供的服务，如适用） | I18: 考虑IT元素是否由向该主体提供服务的服务机构 (即，第三方组织或第三方组织的部门) 支持。 | J18: 默认 | K18: 不开启 | N18: P1.APP.IT.SERVICE_ORGANIZATION_SUPPORT | O18: 已映射 | P18: 原始文本逐项保留；未改变原意。
A19: SRC.IT元素.016 | B19: omnia agent字段对照文档-补全.xlsx | C19: IT元素 | D19: 16 | E19: 字段 | F19: Application | G19: IT元素 | H19: 详细信息-拟在测试中使用的德勤审计工具 | I19: 考虑在计划的IT元素测试中是否使用任何德勤工具 (如，ACTT)。请注意，在Omnia的当前版本中，位于此处的文件记录可协助您记录及保留有助于计划审计程序的信息，但此信息不会系统地与其他结构化数据链接或相关联。 | J19: 默认 | K19: 不开启 | N19: P1.APP.IT.DELOITTE_AUDIT_TOOL | O19: 已映射 | P19: 原始文本逐项保留；未改变原意。
A20: SRC.IT元素.017 | B20: omnia agent字段对照文档-补全.xlsx | C20: IT元素 | D20: 17 | E20: 字段 | F20: Application | G20: IT元素 | H20: 业务流程 | I20: 在业务流程图中关联此应用，此处不适用 | N20: P1.APP.IT.BUSINESS_PROCESS | O20: 已映射 | P20: 原始文本逐项保留；未改变原意。
A21: SRC.IT元素.019 | B21: omnia agent字段对照文档-补全.xlsx | C21: IT元素 | D21: 19 | E21: 结构/说明 | F21: Database Infrastructure | G21: IT元素 | H21: 基础设施（数据库 / DB） | O21: 不适用 | P21: 原始文本逐项保留；未改变原意。
A22: SRC.IT元素.020 | B22: omnia agent字段对照文档-补全.xlsx | C22: IT元素 | D22: 20 | E22: 结构/说明 | F22: Database Infrastructure | G22: IT元素 | H22: Key | I22: 描述 | J22: 填写方式 | K22: 示例/默认值 | L22: 校验内容（非AI） | M22: 校验内容（AI） | O22: 不适用 | P22: 原始文本逐项保留；未改变原意。
A23: SRC.IT元素.021 | B23: omnia agent字段对照文档-补全.xlsx | C23: IT元素 | D23: 21 | E23: 字段 | F23: Database Infrastructure | G23: IT元素 | H23: ID | I23: 数据库基础设施唯一键，系统必填 | J23: 用户必填 | K23: DB-金蝶系统 | L23: 1、是否填写 2、是否与其他活跃元素重名 3、是否与其他回收站内元素重名 | M23: 1、与之后的risk判断因素中描述的内容是否一致 | N23: P1.DB.IT.ELEMENT_ID | O23: 已映射 | P23: 原始文本逐项保留；未改变原意。
A24: SRC.IT元素.022 | B24: omnia agent字段对照文档-补全.xlsx | C24: IT元素 | D24: 22 | E24: 字段 | F24: Database Infrastructure | G24: IT元素 | H24: 名称 | I24: 可与ID一致，系统必填 | J24: agent代填 | K24: 与ID一致 | N24: P1.DB.IT.ELEMENT_NAME | O24: 已映射 | P24: 原始文本逐项保留；未改变原意。
A25: SRC.IT元素.023 | B25: omnia agent字段对照文档-补全.xlsx | C25: IT元素 | D25: 23 | E25: 字段 | F25: Database Infrastructure | G25: IT元素 | H25: 链接至工作区 | I25: 系统必填 | J25: 用户必填 | K25: TEST | L25: 1、工作区填写是否正确 | M25: 1、若存在与名称相似的工作区，可校验ID与工作区是否存在疑似冲突 | N25: P1.DB.IT.WORKSPACE | O25: 已映射 | P25: 原始文本逐项保留；未改变原意。
A26: SRC.IT元素.024 | B26: omnia agent字段对照文档-补全.xlsx | C26: IT元素 | D26: 24 | E26: 字段 | F26: Database Infrastructure | G26: IT元素 | H26: 描述 | I26: 选填 | J26: agent代填 | K26: 与ID一致 | N26: P1.DB.IT.DESCRIPTION | O26: 已映射 | P26: 原始文本逐项保留；未改变原意。
A27: SRC.IT元素.025 | B27: omnia agent字段对照文档-补全.xlsx | C27: IT元素 | D27: 25 | E27: 字段 | F27: Database Infrastructure | G27: IT元素 | H27: 与应用程序的相关性 | J27: agent代填 | K27: 不相关 | N27: P1.DB.IT.IS_RELEVANT | O27: 已映射 | P27: 原始文本逐项保留；未改变原意。
A28: SRC.IT元素.026 | B28: omnia agent字段对照文档-补全.xlsx | C28: IT元素 | D28: 26 | E28: 字段 | F28: Database Infrastructure | G28: IT元素 | H28: IT元素和相关信息技术整体控制(GITC) 将在此约定项目档案的结构化数据中进行测试 | I28: 创建的时候自动开启 | J28: 默认 | K28: 开启 | N28: P1.DB.IT.IS_DATA_AVAILABLE | O28: 已映射 | P28: 原始文本逐项保留；未改变原意。
A29: SRC.IT元素.027 | B29: omnia agent字段对照文档-补全.xlsx | C29: IT元素 | D29: 27 | E29: 字段 | F29: Database Infrastructure | G29: IT元素 | H29: 添加风险评估GRA | I29: 参见<GRA>-数据库 | N29: P1.DB.IT.GRA_ENTRY | O29: 已映射 | P29: 原始文本逐项保留；未改变原意。
A30: SRC.IT元素.028 | B30: omnia agent字段对照文档-补全.xlsx | C30: IT元素 | D30: 28 | E30: 字段 | F30: Database Infrastructure | G30: IT元素 | H30: 详细信息-本年度重大修改 | I30: 考虑IT元素在本年度是否已发生重大变化 (例如，系统升级，新系统实施) 或修改。考虑变更的性质和变更的范围。 | J30: 默认 | K30: 不开启 | N30: P1.DB.IT.MAJOR_CHANGE_THIS_YEAR | O30: 已映射 | P30: 原始文本逐项保留；未改变原意。
A31: SRC.IT元素.029 | B31: omnia agent字段对照文档-补全.xlsx | C31: IT元素 | D31: 29 | E31: 字段 | F31: Database Infrastructure | G31: IT元素 | H31: 详细信息-受到服务机构支持（包括提供的服务，如适用） | I31: 考虑IT元素是否由向该主体提供服务的服务机构 (即，第三方组织或第三方组织的部门) 支持。 | J31: 默认 | K31: 不开启 | N31: P1.DB.IT.SERVICE_ORGANIZATION_SUPPORT | O31: 已映射 | P31: 原始文本逐项保留；未改变原意。
A32: SRC.IT元素.030 | B32: omnia agent字段对照文档-补全.xlsx | C32: IT元素 | D32: 30 | E32: 字段 | F32: Database Infrastructure | G32: IT元素 | H32: 详细信息-拟在测试中使用的德勤审计工具 | I32: 考虑在计划的IT元素测试中是否使用任何德勤工具 (如，ACTT)。请注意，在Omnia的当前版本中，位于此处的文件记录可协助您记录及保留有助于计划审计程序的信息，但此信息不会系统地与其他结构化数据链接或相关联。 | J32: 默认 | K32: 不开启 | N32: P1.DB.IT.DELOITTE_AUDIT_TOOL | O32: 已映射 | P32: 原始文本逐项保留；未改变原意。
A33: SRC.IT元素.031 | B33: omnia agent字段对照文档-补全.xlsx | C33: IT元素 | D33: 31 | E33: 字段 | F33: Database Infrastructure | G33: IT元素 | H33: 关联应用程序 | I33: 后续创建风险评估受此影响，系统必填 | J33: 用户必填 | K33: APP-金蝶系统 | L33: 1、是否至少关联一个应用程序 2、工作区是否一致 3、多个应用程序的RAIT是否一致 | N33: P1.DB.IT.APPLICATION_RELATION | O33: 已映射 | P33: 原始文本逐项保留；未改变原意。
A34: SRC.IT元素.033 | B34: omnia agent字段对照文档-补全.xlsx | C34: IT元素 | D34: 33 | E34: 结构/说明 | F34: Operating System Infrastructure | G34: IT元素 | H34: 基础设施（操作系统 / OS） | O34: 不适用 | P34: 原始文本逐项保留；未改变原意。
A35: SRC.IT元素.034 | B35: omnia agent字段对照文档-补全.xlsx | C35: IT元素 | D35: 34 | E35: 结构/说明 | F35: Operating System Infrastructure | G35: IT元素 | H35: Key | I35: 描述 | J35: 填写方式 | K35: 示例/默认值 | L35: 校验内容（非AI） | M35: 校验内容（AI） | O35: 不适用 | P35: 原始文本逐项保留；未改变原意。
A36: SRC.IT元素.035 | B36: omnia agent字段对照文档-补全.xlsx | C36: IT元素 | D36: 35 | E36: 字段 | F36: Operating System Infrastructure | G36: IT元素 | H36: ID | I36: 操作系统基础设施唯一键，系统必填 | J36: 用户必填 | K36: OS-金蝶服务器 | L36: 1、是否填写 2、是否与其他活跃元素重名 3、是否与其他回收站内元素重名 | M36: 1、与之后的risk判断因素中描述的内容是否一致 | N36: P1.OS.IT.ELEMENT_ID | O36: 已映射 | P36: 原始文本逐项保留；未改变原意。
A37: SRC.IT元素.036 | B37: omnia agent字段对照文档-补全.xlsx | C37: IT元素 | D37: 36 | E37: 字段 | F37: Operating System Infrastructure | G37: IT元素 | H37: 名称 | I37: 可与ID一致，系统必填 | J37: agent代填 | K37: 与ID一致 | N37: P1.OS.IT.ELEMENT_NAME | O37: 已映射 | P37: 原始文本逐项保留；未改变原意。
A38: SRC.IT元素.037 | B38: omnia agent字段对照文档-补全.xlsx | C38: IT元素 | D38: 37 | E38: 字段 | F38: Operating System Infrastructure | G38: IT元素 | H38: 链接至工作区 | I38: 系统必填 | J38: 用户必填 | K38: TEST | L38: 1、工作区填写是否正确 | M38: 1、若存在与名称相似的工作区，可校验ID与工作区是否存在疑似冲突 | N38: P1.OS.IT.WORKSPACE | O38: 已映射 | P38: 原始文本逐项保留；未改变原意。
A39: SRC.IT元素.038 | B39: omnia agent字段对照文档-补全.xlsx | C39: IT元素 | D39: 38 | E39: 字段 | F39: Operating System Infrastructure | G39: IT元素 | H39: 描述 | I39: 选填；官方V2由Agent固定派生为元素ID | J39: agent代填 | K39: 与ID一致 | N39: P1.OS.IT.DESCRIPTION | O39: 已映射 | P39: 原始文本逐项保留；未改变原意。
A40: SRC.IT元素.039 | B40: omnia agent字段对照文档-补全.xlsx | C40: IT元素 | D40: 39 | E40: 字段 | F40: Operating System Infrastructure | G40: IT元素 | H40: 与应用程序的相关性 | J40: agent代填 | K40: 不相关 | N40: P1.OS.IT.IS_RELEVANT | O40: 已映射 | P40: 原始文本逐项保留；未改变原意。
A41: SRC.IT元素.040 | B41: omnia agent字段对照文档-补全.xlsx | C41: IT元素 | D41: 40 | E41: 字段 | F41: Operating System Infrastructure | G41: IT元素 | H41: IT元素和相关信息技术整体控制(GITC) 将在此约定项目档案的结构化数据中进行测试 | I41: 创建的时候自动开启 | J41: 默认 | K41: 开启 | N41: P1.OS.IT.IS_DATA_AVAILABLE | O41: 已映射 | P41: 原始文本逐项保留；未改变原意。
A42: SRC.IT元素.041 | B42: omnia agent字段对照文档-补全.xlsx | C42: IT元素 | D42: 41 | E42: 字段 | F42: Operating System Infrastructure | G42: IT元素 | H42: 添加风险评估GRA | I42: 参见<GRA>-操作系统 | N42: P1.OS.IT.GRA_ENTRY | O42: 已映射 | P42: 原始文本逐项保留；未改变原意。
A43: SRC.IT元素.042 | B43: omnia agent字段对照文档-补全.xlsx | C43: IT元素 | D43: 42 | E43: 字段 | F43: Operating System Infrastructure | G43: IT元素 | H43: 详细信息-本年度重大修改 | I43: 考虑IT元素在本年度是否已发生重大变化 (例如，系统升级，新系统实施) 或修改。考虑变更的性质和变更的范围。 | J43: 默认 | K43: 不开启 | N43: P1.OS.IT.MAJOR_CHANGE_THIS_YEAR | O43: 已映射 | P43: 原始文本逐项保留；未改变原意。
A44: SRC.IT元素.043 | B44: omnia agent字段对照文档-补全.xlsx | C44: IT元素 | D44: 43 | E44: 字段 | F44: Operating System Infrastructure | G44: IT元素 | H44: 详细信息-受到服务机构支持（包括提供的服务，如适用） | I44: 考虑IT元素是否由向该主体提供服务的服务机构 (即，第三方组织或第三方组织的部门) 支持。 | J44: 默认 | K44: 不开启 | N44: P1.OS.IT.SERVICE_ORGANIZATION_SUPPORT | O44: 已映射 | P44: 原始文本逐项保留；未改变原意。
A45: SRC.IT元素.044 | B45: omnia agent字段对照文档-补全.xlsx | C45: IT元素 | D45: 44 | E45: 字段 | F45: Operating System Infrastructure | G45: IT元素 | H45: 详细信息-拟在测试中使用的德勤审计工具 | I45: 考虑在计划的IT元素测试中是否使用任何德勤工具 (如，ACTT)。请注意，在Omnia的当前版本中，位于此处的文件记录可协助您记录及保留有助于计划审计程序的信息，但此信息不会系统地与其他结构化数据链接或相关联。 | J45: 默认 | K45: 不开启 | N45: P1.OS.IT.DELOITTE_AUDIT_TOOL | O45: 已映射 | P45: 原始文本逐项保留；未改变原意。
A46: SRC.IT元素.045 | B46: omnia agent字段对照文档-补全.xlsx | C46: IT元素 | D46: 45 | E46: 字段 | F46: Operating System Infrastructure | G46: IT元素 | H46: 关联应用程序 | I46: 后续创建风险评估及RAIT继承受此影响，系统必填 | J46: 用户必填 | K46: APP-金蝶系统 | L46: 1、是否至少关联一个应用程序 2、工作区是否一致 3、多个应用程序的RAIT是否一致 | N46: P1.OS.IT.APPLICATION_RELATION | O46: 已映射 | P46: 原始文本逐项保留；未改变原意。
A47: SRC.IT元素.048 | B47: omnia agent字段对照文档-补全.xlsx | C47: IT元素 | D47: 48 | E47: 结构/说明 | F47: IT Tool | G47: IT元素 | H47: 工具 | O47: 不适用 | P47: 原始文本逐项保留；未改变原意。
A48: SRC.IT元素.049 | B48: omnia agent字段对照文档-补全.xlsx | C48: IT元素 | D48: 49 | E48: 结构/说明 | F48: IT Tool | G48: IT元素 | H48: Key | I48: 描述 | J48: 填写方式 | K48: 示例/默认值 | L48: 校验内容（非AI） | M48: 校验内容（AI） | O48: 不适用 | P48: 原始文本逐项保留；未改变原意。
A49: SRC.IT元素.050 | B49: omnia agent字段对照文档-补全.xlsx | C49: IT元素 | D49: 50 | E49: 字段 | F49: IT Tool | G49: IT元素 | H49: ID | I49: 工具唯一键，系统必填 | J49: 用户必填 | K49: Tool-OA | L49: 1、是否填写 2、是否与其他活跃元素重名 3、是否与其他回收站内元素重名 | M49: 1、与之后的risk判断因素中描述的内容是否一致 | N49: P1.TOOL.IT.ELEMENT_ID | O49: 已映射 | P49: 原始文本逐项保留；未改变原意。
A50: SRC.IT元素.051 | B50: omnia agent字段对照文档-补全.xlsx | C50: IT元素 | D50: 51 | E50: 字段 | F50: IT Tool | G50: IT元素 | H50: 名称 | I50: 可与ID一致，系统必填 | J50: agent代填 | K50: 与ID一致 | N50: P1.TOOL.IT.ELEMENT_NAME | O50: 已映射 | P50: 原始文本逐项保留；未改变原意。
A51: SRC.IT元素.052 | B51: omnia agent字段对照文档-补全.xlsx | C51: IT元素 | D51: 52 | E51: 字段 | F51: IT Tool | G51: IT元素 | H51: 链接至工作区 | I51: 系统必填 | J51: 用户必填 | K51: TEST | L51: 1、工作区填写是否正确 | M51: 1、若存在与名称相似的工作区，可校验ID与工作区是否存在疑似冲突 | N51: P1.TOOL.IT.WORKSPACE | O51: 已映射 | P51: 原始文本逐项保留；未改变原意。
A52: SRC.IT元素.053 | B52: omnia agent字段对照文档-补全.xlsx | C52: IT元素 | D52: 53 | E52: 字段 | F52: IT Tool | G52: IT元素 | H52: 描述 | I52: 选填 | J52: agent代填 | K52: 与ID一致 | N52: P1.TOOL.IT.DESCRIPTION | O52: 已映射 | P52: 原始文本逐项保留；未改变原意。
A53: SRC.IT元素.054 | B53: omnia agent字段对照文档-补全.xlsx | C53: IT元素 | D53: 54 | E53: 字段 | F53: IT Tool | G53: IT元素 | H53: 与应用程序的相关性 | J53: agent代填 | K53: 不相关 | N53: P1.TOOL.IT.IS_RELEVANT | O53: 已映射 | P53: 原始文本逐项保留；未改变原意。
A54: SRC.IT元素.055 | B54: omnia agent字段对照文档-补全.xlsx | C54: IT元素 | D54: 55 | E54: 字段 | F54: IT Tool | G54: IT元素 | H54: IT元素和相关信息技术整体控制(GITC) 将在此约定项目档案的结构化数据中进行测试 | I54: 创建的时候自动开启 | J54: 默认 | K54: 开启 | N54: P1.TOOL.IT.IS_DATA_AVAILABLE | O54: 已映射 | P54: 原始文本逐项保留；未改变原意。
A55: SRC.IT元素.056 | B55: omnia agent字段对照文档-补全.xlsx | C55: IT元素 | D55: 56 | E55: 字段 | F55: IT Tool | G55: IT元素 | H55: 添加风险评估GRA | I55: 参见<GRA>-工具 | N55: P1.TOOL.IT.GRA_ENTRY | O55: 已映射 | P55: 原始文本逐项保留；未改变原意。
A56: SRC.IT元素.057 | B56: omnia agent字段对照文档-补全.xlsx | C56: IT元素 | D56: 57 | E56: 字段 | F56: IT Tool | G56: IT元素 | H56: 详细信息-本年度重大修改 | I56: 考虑IT元素在本年度是否已发生重大变化 (例如，系统升级，新系统实施) 或修改。考虑变更的性质和变更的范围。 | J56: 默认 | K56: 不开启 | N56: P1.TOOL.IT.MAJOR_CHANGE_THIS_YEAR | O56: 已映射 | P56: 原始文本逐项保留；未改变原意。
A57: SRC.IT元素.058 | B57: omnia agent字段对照文档-补全.xlsx | C57: IT元素 | D57: 58 | E57: 字段 | F57: IT Tool | G57: IT元素 | H57: 详细信息-受到服务机构支持（包括提供的服务，如适用） | I57: 考虑IT元素是否由向该主体提供服务的服务机构 (即，第三方组织或第三方组织的部门) 支持。 | J57: 默认 | K57: 不开启 | N57: P1.TOOL.IT.SERVICE_ORGANIZATION_SUPPORT | O57: 已映射 | P57: 原始文本逐项保留；未改变原意。
A58: SRC.IT元素.059 | B58: omnia agent字段对照文档-补全.xlsx | C58: IT元素 | D58: 59 | E58: 字段 | F58: IT Tool | G58: IT元素 | H58: 详细信息-拟在测试中使用的德勤审计工具 | I58: 考虑在计划的IT元素测试中是否使用任何德勤工具 (如，ACTT)。请注意，在Omnia的当前版本中，位于此处的文件记录可协助您记录及保留有助于计划审计程序的信息，但此信息不会系统地与其他结构化数据链接或相关联。 | J58: 默认 | K58: 不开启 | N58: P1.TOOL.IT.DELOITTE_AUDIT_TOOL | O58: 已映射 | P58: 原始文本逐项保留；未改变原意。
A59: SRC.IT元素.060 | B59: omnia agent字段对照文档-补全.xlsx | C59: IT元素 | D59: 60 | E59: 字段 | F59: IT Tool | G59: IT元素 | H59: 关联应用程序 | I59: 应用程序或基础设施应至少关联一项 | J59: 二选一 | N59: P1.TOOL.IT.APPLICATION_RELATION | O59: 已映射 | P59: 原始文本逐项保留；未改变原意。
A60: SRC.IT元素.061 | B60: omnia agent字段对照文档-补全.xlsx | C60: IT元素 | D60: 61 | E60: 字段 | F60: IT Tool | G60: IT元素 | H60: 关联基础设施 | I60: 应用程序或基础设施应至少关联一项 | J60: 二选一 | N60: P1.TOOL.IT.INFRASTRUCTURE_RELATION | O60: 已映射 | P60: 原始文本逐项保留；未改变原意。
A61: SRC.GRA.001 | B61: omnia agent字段对照文档-补全.xlsx | C61: GRA | D61: 1 | E61: 结构/说明 | F61: Application | H61: 应用程序 | O61: 不适用 | P61: 原始文本逐项保留；未改变原意。
A62: SRC.GRA.002 | B62: omnia agent字段对照文档-补全.xlsx | C62: GRA | D62: 2 | E62: 结构/说明 | F62: Application | G62: 风险评估指导(GRA)设置 | H62: 风险评估指导(GRA)设置 | O62: 不适用 | P62: 原始文本逐项保留；未改变原意。
A63: SRC.GRA.003 | B63: omnia agent字段对照文档-补全.xlsx | C63: GRA | D63: 3 | E63: 结构/说明 | F63: Application | G63: 风险评估指导(GRA)设置 | H63: Key | I63: 描述 | J63: 填写方式 | K63: 示例/默认值 | L63: 校验内容（非AI） | M63: 校验内容（AI） | O63: 不适用 | P63: 原始文本逐项保留；未改变原意。
A64: SRC.GRA.004 | B64: omnia agent字段对照文档-补全.xlsx | C64: GRA | D64: 4 | E64: 字段 | F64: Application | G64: 风险评估指导(GRA)设置 | H64: 风险评估指导(GRA)内容 | I64: 由官方V2的APP类型确定GRA内容；不得跨类型套用 | J64: 用户必填 | K64: 1、Generic（当前唯一已验证并可执行的APP创建链） 2、SAP ECC（官方V2可解析，但当前推送阻断：缺少已验证的专用创建内容契约） SAP S/4HANA、Oracle电子商务套件及其他Omnia内容类型当前不属于Agent v4官方输入合同；不得降级按Generic创建。 | L64: 1、是否填写 2、是否为当前官方输入合同允许值 3、SAP ECC是否在推送前被明确阻断 | M64: 1、若ID或说明包含SAP，提示专用创建链当前未验证，不能误按Generic创建 | N64: P1.APP.GRA.GRA_CONTENT | O64: 已映射 | P64: 原始文本逐项保留；未改变原意。
A65: SRC.GRA.005 | B65: omnia agent字段对照文档-补全.xlsx | C65: GRA | D65: 5 | E65: 字段 | F65: Application | G65: 风险评估指导(GRA)设置 | H65: 风险评估指导(GRA)名称 | I65: 系统必填；官方V2模板不提供单独输入列，由Agent固定派生 | J65: agent代填 | K65: GRA-{元素ID} | L65: 1、派生名称与元素ID是否一一对应 2、批次内及Omnia活动区/回收站是否冲突 | N65: P1.APP.GRA.GRA_NAME | O65: 已映射 | P65: 原始文本逐项保留；未改变原意。
A66: SRC.GRA.007 | B66: omnia agent字段对照文档-补全.xlsx | C66: GRA | D66: 7 | E66: 结构/说明 | F66: Application | G66: 风险因素评价 | H66: 风险因素评价 | O66: 不适用 | P66: 原始文本逐项保留；未改变原意。
A67: SRC.GRA.008 | B67: omnia agent字段对照文档-补全.xlsx | C67: GRA | D67: 8 | E67: 结构/说明 | F67: Application | G67: 风险因素评价 | H67: Key | I67: 描述 | J67: 填写方式 | K67: 示例/默认值 | L67: 校验内容（非AI） | M67: 校验内容（AI） | O67: 不适用 | P67: 原始文本逐项保留；未改变原意。
A68: SRC.GRA.009 | B68: omnia agent字段对照文档-补全.xlsx | C68: GRA | D68: 9 | E68: 字段 | F68: Application | G68: 风险因素评价 | H68: IT风险评估（如果测试运行有效性） | I68: 创建时开启IT风险评估，并写入应用程序风险因素计划 | J68: agent代填 | K68: 开启 | N68: P1.APP.GRA.ENABLE_IT_RISK_ASSESSMENT | O68: 已映射 | P68: 原始文本逐项保留；未改变原意。
A69: SRC.GRA.010 | B69: omnia agent字段对照文档-补全.xlsx | C69: GRA | D69: 10 | E69: 字段 | F69: Application | G69: 风险因素评价 | H69: IT风险(RAIT)结论 | I69: APP由用户直接填写Higher或Lower；不从其他元素继承 | J69: 用户必填 | K69: 1、Higher 2、Lower | L69: 1、是否填写Higher或Lower 2、不得填写其他RAIT枚举 | N69: P1.APP.GRA.RAIT_CONCLUSION | O69: 已映射 | P69: 原始文本逐项保留；未改变原意。
A70: SRC.GRA.011 | B70: omnia agent字段对照文档-补全.xlsx | C70: GRA | D70: 11 | E70: 字段 | F70: Application | G70: 风险因素评价 | H70: Factors Considered（RAIT结论依据） | I70: 官方V2 APP必填字段；说明系统特征及选择Higher/Lower的依据，并作为AI语义复核输入 | J70: 用户必填 | K70: 该系统涉及复杂财务交易、接口及自动控制，因此选择Higher。 | L70: 1、是否填写 2、长度及字段合法性 | M70: 1、与系统ID是否一致 2、与Higher/Lower结论是否逻辑一致 3、仅提示warning，不替用户改写 | N70: P1.APP.GRA.FACTORS_CONSIDERED | O70: 已映射 | P70: 原始文本逐项保留；未改变原意。
A71: SRC.GRA.012 | B71: omnia agent字段对照文档-补全.xlsx | C71: GRA | D71: 12 | E71: 字段 | F71: Application | G71: 风险因素评价 | H71: 提交按钮 | I71: 完成风险因素、RAIT及必需信息后提交评价 | J71: agent代填 | K71: 提交并等待 EvaluationComplete | L71: 1、提交后回读状态 2、回读RAIT与计划一致 | N71: P1.APP.GRA.SUBMIT_EVALUATION | O71: 已映射 | P71: 原始文本逐项保留；未改变原意。
A72: SRC.GRA.013 | B72: omnia agent字段对照文档-补全.xlsx | C72: GRA | D72: 13 | E72: 字段 | F72: Application | G72: 风险因素评价 | H72: 识别风险和评估风险|计划应对措施 | I72: 参见<风险评估>-通用应用程序；SAP ECC仅保留参考模板，当前不执行推送 | N72: P1.APP.GRA.RISK_CONTROL_PLAN | O72: 已映射 | P72: 原始文本逐项保留；未改变原意。
A73: SRC.GRA.015 | B73: omnia agent字段对照文档-补全.xlsx | C73: GRA | D73: 15 | E73: 结构/说明 | F73: Database Infrastructure | G73: 风险因素评价 | H73: 基础设施（数据库 / DB） | O73: 不适用 | P73: 原始文本逐项保留；未改变原意。
A74: SRC.GRA.016 | B74: omnia agent字段对照文档-补全.xlsx | C74: GRA | D74: 16 | E74: 结构/说明 | F74: Database Infrastructure | G74: 风险评估指导(GRA)设置 | H74: 风险评估指导(GRA)设置 | O74: 不适用 | P74: 原始文本逐项保留；未改变原意。
A75: SRC.GRA.017 | B75: omnia agent字段对照文档-补全.xlsx | C75: GRA | D75: 17 | E75: 结构/说明 | F75: Database Infrastructure | G75: 风险评估指导(GRA)设置 | H75: Key | I75: 描述 | J75: 填写方式 | K75: 示例/默认值 | L75: 校验内容（非AI） | M75: 校验内容（AI） | O75: 不适用 | P75: 原始文本逐项保留；未改变原意。
A76: SRC.GRA.018 | B76: omnia agent字段对照文档-补全.xlsx | C76: GRA | D76: 18 | E76: 字段 | F76: Database Infrastructure | G76: 风险评估指导(GRA)设置 | H76: 风险评估指导(GRA)内容 | I76: 由官方V2中的DB类型确定GRA内容，不允许跨类型套用 | J76: agent映射 | K76: 1、Generic → 通用数据库 2、Oracle → Oracle 数据库 3、SQL → SQL Server 数据库 | L76: 1、DB类型是否为Generic、Oracle或SQL 2、GRA内容映射是否精确 | N76: P1.DB.GRA.GRA_CONTENT | O76: 已映射 | P76: 原始文本逐项保留；未改变原意。
A77: SRC.GRA.019 | B77: omnia agent字段对照文档-补全.xlsx | C77: GRA | D77: 19 | E77: 字段 | F77: Database Infrastructure | G77: 风险评估指导(GRA)设置 | H77: 风险评估指导(GRA)名称 | I77: 系统必填；官方 V2 模板不提供单独输入列，由 Agent 固定派生 | J77: agent代填 | K77: GRA-{数据库ID} | L77: 1、校验派生名称是否与元素ID一一对应 2、校验批次内及Omnia活动区/回收站是否存在冲突 | N77: P1.DB.GRA.GRA_NAME | O77: 已映射 | P77: 原始文本逐项保留；未改变原意。
A78: SRC.GRA.021 | B78: omnia agent字段对照文档-补全.xlsx | C78: GRA | D78: 21 | E78: 结构/说明 | F78: Database Infrastructure | G78: 风险因素评价 | H78: 风险因素评价 | O78: 不适用 | P78: 原始文本逐项保留；未改变原意。
A79: SRC.GRA.022 | B79: omnia agent字段对照文档-补全.xlsx | C79: GRA | D79: 22 | E79: 结构/说明 | F79: Database Infrastructure | G79: 风险因素评价 | H79: Key | I79: 描述 | J79: 填写方式 | K79: 示例/默认值 | L79: 校验内容（非AI） | M79: 校验内容（AI） | O79: 不适用 | P79: 原始文本逐项保留；未改变原意。
A80: SRC.GRA.023 | B80: omnia agent字段对照文档-补全.xlsx | C80: GRA | D80: 23 | E80: 字段 | F80: Database Infrastructure | G80: 风险因素评价 | H80: IT风险评估（如果测试运行有效性） | I80: 创建时开启IT风险评估；Risk/Control计划来自对应DB子类型的已验证参考模板 | J80: agent代填 | K80: 开启 | N80: P1.DB.GRA.ENABLE_IT_RISK_ASSESSMENT | O80: 已映射 | P80: 原始文本逐项保留；未改变原意。
A81: SRC.GRA.024 | B81: omnia agent字段对照文档-补全.xlsx | C81: GRA | D81: 24 | E81: 字段 | F81: Database Infrastructure | G81: 风险因素评价 | H81: IT风险(RAIT)结论 | I81: DB不允许用户手工决定最终RAIT；必须从关联APP继承 | J81: agent继承 | K81: 1、Higher 2、Lower | L81: 1、至少关联一个APP 2、所有关联APP的RAIT均可确定且一致 3、批次外APP需实时精确验证 | N81: P1.DB.GRA.RAIT_CONCLUSION | O81: 已映射 | P81: 原始文本逐项保留；未改变原意。
A82: SRC.GRA.025 | B82: omnia agent字段对照文档-补全.xlsx | C82: GRA | D82: 25 | E82: 字段 | F82: Database Infrastructure | G82: 风险因素评价 | H82: RAIT继承依据 | I82: 记录RAIT所继承的关联APP；不允许用数据库名称或描述猜测 | J82: agent代填 | K82: 继承自 APP-金蝶系统（Higher） | L82: 1、关联对象及工作区一致 2、继承结果与APP真实GRA回读一致 | N82: P1.DB.GRA.RAIT_INHERITANCE_BASIS | O82: 已映射 | P82: 原始文本逐项保留；未改变原意。
A83: SRC.GRA.026 | B83: omnia agent字段对照文档-补全.xlsx | C83: GRA | D83: 26 | E83: 字段 | F83: Database Infrastructure | G83: 风险因素评价 | H83: 提交按钮 | I83: 完成风险因素、RAIT及必需信息后提交评价 | J83: agent代填 | K83: 提交并等待 EvaluationComplete | L83: 1、提交后回读状态 2、回读RAIT与计划一致 | N83: P1.DB.GRA.SUBMIT_EVALUATION | O83: 已映射 | P83: 原始文本逐项保留；未改变原意。
A84: SRC.GRA.027 | B84: omnia agent字段对照文档-补全.xlsx | C84: GRA | D84: 27 | E84: 字段 | F84: Database Infrastructure | G84: 风险因素评价 | H84: 识别风险和评估风险|计划应对措施 | I84: 参见<风险评估>-DB Generic / Oracle / SQL | L84: 1、严格按已验证的 Risk/Control 计划生成，不得跨类型套用 | N84: P1.DB.GRA.RISK_CONTROL_PLAN | O84: 已映射 | P84: 原始文本逐项保留；未改变原意。
A85: SRC.GRA.030 | B85: omnia agent字段对照文档-补全.xlsx | C85: GRA | D85: 30 | E85: 结构/说明 | F85: Operating System Infrastructure | G85: 风险因素评价 | H85: 基础设施（操作系统 / OS） | O85: 不适用 | P85: 原始文本逐项保留；未改变原意。
A86: SRC.GRA.031 | B86: omnia agent字段对照文档-补全.xlsx | C86: GRA | D86: 31 | E86: 结构/说明 | F86: Operating System Infrastructure | G86: 风险评估指导(GRA)设置 | H86: 风险评估指导(GRA)设置 | O86: 不适用 | P86: 原始文本逐项保留；未改变原意。
A87: SRC.GRA.032 | B87: omnia agent字段对照文档-补全.xlsx | C87: GRA | D87: 32 | E87: 结构/说明 | F87: Operating System Infrastructure | G87: 风险评估指导(GRA)设置 | H87: Key | I87: 描述 | J87: 填写方式 | K87: 示例/默认值 | L87: 校验内容（非AI） | M87: 校验内容（AI） | O87: 不适用 | P87: 原始文本逐项保留；未改变原意。
A88: SRC.GRA.033 | B88: omnia agent字段对照文档-补全.xlsx | C88: GRA | D88: 33 | E88: 字段 | F88: Operating System Infrastructure | G88: 风险评估指导(GRA)设置 | H88: 风险评估指导(GRA)内容 | I88: 由官方V2中的OS类型确定GRA内容及专用Risk/Control计划 | J88: agent映射 | K88: 1、Generic → 通用Windows OS内容 + Generic OS计划 2、UNIX → 通用Linux / Unix OS 3、WIN → 通用Windows OS | L88: 1、OS类型是否为Generic、UNIX或WIN 2、内容及计划来源是否匹配 | N88: P1.OS.GRA.GRA_CONTENT | O88: 已映射 | P88: 原始文本逐项保留；未改变原意。
A89: SRC.GRA.034 | B89: omnia agent字段对照文档-补全.xlsx | C89: GRA | D89: 34 | E89: 字段 | F89: Operating System Infrastructure | G89: 风险评估指导(GRA)设置 | H89: 风险评估指导(GRA)名称 | I89: 系统必填；官方 V2 模板不提供单独输入列，由 Agent 固定派生 | J89: agent代填 | K89: GRA-{服务器ID} | L89: 1、校验派生名称是否与元素ID一一对应 2、校验批次内及Omnia活动区/回收站是否存在冲突 | N89: P1.OS.GRA.GRA_NAME | O89: 已映射 | P89: 原始文本逐项保留；未改变原意。
A90: SRC.GRA.036 | B90: omnia agent字段对照文档-补全.xlsx | C90: GRA | D90: 36 | E90: 结构/说明 | F90: Operating System Infrastructure | G90: 风险因素评价 | H90: 风险因素评价 | O90: 不适用 | P90: 原始文本逐项保留；未改变原意。
A91: SRC.GRA.037 | B91: omnia agent字段对照文档-补全.xlsx | C91: GRA | D91: 37 | E91: 结构/说明 | F91: Operating System Infrastructure | G91: 风险因素评价 | H91: Key | I91: 描述 | J91: 填写方式 | K91: 示例/默认值 | L91: 校验内容（非AI） | M91: 校验内容（AI） | O91: 不适用 | P91: 原始文本逐项保留；未改变原意。
A92: SRC.GRA.038 | B92: omnia agent字段对照文档-补全.xlsx | C92: GRA | D92: 38 | E92: 字段 | F92: Operating System Infrastructure | G92: 风险因素评价 | H92: IT风险评估（如果测试运行有效性） | I92: 创建时开启IT风险评估；Risk/Control计划来自对应OS子类型的已验证参考模板 | J92: agent代填 | K92: 开启 | N92: P1.OS.GRA.ENABLE_IT_RISK_ASSESSMENT | O92: 已映射 | P92: 原始文本逐项保留；未改变原意。
A93: SRC.GRA.039 | B93: omnia agent字段对照文档-补全.xlsx | C93: GRA | D93: 39 | E93: 字段 | F93: Operating System Infrastructure | G93: 风险因素评价 | H93: IT风险(RAIT)结论 | I93: OS不允许用户手工决定最终RAIT；必须从关联APP继承 | J93: agent继承 | K93: 1、Higher 2、Lower | L93: 1、至少关联一个APP 2、所有关联APP的RAIT均可确定且一致 3、批次外APP需实时精确验证 | N93: P1.OS.GRA.RAIT_CONCLUSION | O93: 已映射 | P93: 原始文本逐项保留；未改变原意。
A94: SRC.GRA.040 | B94: omnia agent字段对照文档-补全.xlsx | C94: GRA | D94: 40 | E94: 字段 | F94: Operating System Infrastructure | G94: 风险因素评价 | H94: RAIT继承依据 | I94: 记录RAIT所继承的关联APP；不允许用服务器名称或描述猜测 | J94: agent代填 | K94: 继承自 APP-金蝶系统（Lower） | L94: 1、关联对象及工作区一致 2、继承结果与APP真实GRA回读一致 | N94: P1.OS.GRA.RAIT_INHERITANCE_BASIS | O94: 已映射 | P94: 原始文本逐项保留；未改变原意。
A95: SRC.GRA.041 | B95: omnia agent字段对照文档-补全.xlsx | C95: GRA | D95: 41 | E95: 字段 | F95: Operating System Infrastructure | G95: 风险因素评价 | H95: 提交按钮 | I95: 完成风险因素、RAIT及必需信息后提交评价 | J95: agent代填 | K95: 提交并等待 EvaluationComplete | L95: 1、提交后回读状态 2、回读RAIT与计划一致 | N95: P1.OS.GRA.SUBMIT_EVALUATION | O95: 已映射 | P95: 原始文本逐项保留；未改变原意。
A96: SRC.GRA.042 | B96: omnia agent字段对照文档-补全.xlsx | C96: GRA | D96: 42 | E96: 字段 | F96: Operating System Infrastructure | G96: 风险因素评价 | H96: 识别风险和评估风险|计划应对措施 | I96: 参见<风险评估>-OS Generic / UNIX / WIN | L96: 1、严格按已验证的 Risk/Control 计划生成，不得跨类型套用 | N96: P1.OS.GRA.RISK_CONTROL_PLAN | O96: 已映射 | P96: 原始文本逐项保留；未改变原意。
A97: SRC.GRA.045 | B97: omnia agent字段对照文档-补全.xlsx | C97: GRA | D97: 45 | E97: 结构/说明 | F97: IT Tool | G97: 风险因素评价 | H97: 工具（IT Tool） | O97: 不适用 | P97: 原始文本逐项保留；未改变原意。
A98: SRC.GRA.046 | B98: omnia agent字段对照文档-补全.xlsx | C98: GRA | D98: 46 | E98: 结构/说明 | F98: IT Tool | G98: 风险评估指导(GRA)设置 | H98: 风险评估指导(GRA)设置 | O98: 不适用 | P98: 原始文本逐项保留；未改变原意。
A99: SRC.GRA.047 | B99: omnia agent字段对照文档-补全.xlsx | C99: GRA | D99: 47 | E99: 结构/说明 | F99: IT Tool | G99: 风险评估指导(GRA)设置 | H99: Key | I99: 描述 | J99: 填写方式 | K99: 示例/默认值 | L99: 校验内容（非AI） | M99: 校验内容（AI） | O99: 不适用 | P99: 原始文本逐项保留；未改变原意。
A100: SRC.GRA.048 | B100: omnia agent字段对照文档-补全.xlsx | C100: GRA | D100: 48 | E100: 字段 | F100: IT Tool | G100: 风险评估指导(GRA)设置 | H100: 风险评估指导(GRA)内容 | I100: Tool类型同时决定GRA内容及已录制的Risk/Control合同 | J100: 用户必填 | K100: 1、工单工具 2、身份和访问管理工具 | L100: 1、是否为两种已验证Tool类型之一 2、不得使用通用工具冒充 | N100: P1.TOOL.GRA.GRA_CONTENT | O100: 已映射 | P100: 原始文本逐项保留；未改变原意。
A101: SRC.GRA.049 | B101: omnia agent字段对照文档-补全.xlsx | C101: GRA | D101: 49 | E101: 字段 | F101: IT Tool | G101: 风险评估指导(GRA)设置 | H101: 风险评估指导(GRA)名称 | I101: 系统必填；官方 V2 模板不提供单独输入列，由 Agent 固定派生 | J101: agent代填 | K101: GRA-{IT TOOL ID} | L101: 1、校验派生名称是否与元素ID一一对应 2、校验批次内及Omnia活动区/回收站是否存在冲突 | N101: P1.TOOL.GRA.GRA_NAME | O101: 已映射 | P101: 原始文本逐项保留；未改变原意。
...

Sheet SAP ECC录制证据
A1: SAP ECC 创建录制｜API 与缺口证据
A2: 证据来源：dfa8eb76、f312280e、cfd09224，三份均为 v4 recorder 录制；本表仅保留接口结构、字段语义和脱敏计数，不复制对象 ID、邮箱、token 或原始敏感内容。
A4: evidence_id | B4: 动作/规则 | C4: 适用对象 | D4: method + endpoint | E4: request 字段 | F4: response/read-back 字段 | G4: 录制事件 | H4: 证据状态 | I4: 可支持的结论 | J4: 缺口/阻断 | K4: 修复/补录要求 | L4: 备注
A5: REC.SAP_ECC.TAXONOMY | B5: 识别 SAP ECC 内容身份 | C5: Application / SAP ECC | D5: GET /rapr/v0/engagements/{engagementId}/itelement/getITElementCategoryPublicationList | E5: 无业务 body | F5: taxonomy key=66176475；name=StandardizedAccount_SAP ECC | G5: request-25 / seq83 / HTTP 200 | H5: 录制已证实 | I5: 可确定当前录制中 SAP ECC 的内容键 | J5: 不是 Feature mutation canary，也未证明所有 Pack 永久相同 | K5: 运行时从当前 Pack 读 taxonomy 并按 key+name 唯一匹配 | L5: 禁止仅按 UI 文案或历史常量选择
A6: REC.SAP_ECC.CREATE_ELEMENT | B6: 创建 IT Element | C6: Application | D6: POST /rapr/v0/engagements/{engagementId}/itelement | E6: name, workspaceId, description, engagementId, number, itElementType=Application | F6: id, workItemId, itElementType；随后 GET detail | G6: request-29 / seq134 / HTTP 200 | H6: 录制已证实 | I6: 可形成窄 create-element Operation 候选 | J6: 请求未携带 SAP ECC subtype；类型身份来自后续 GRA 内容选择 | K6: 补充 exact preflight、重复/回收站检查、幂等、写后读回 canary | L6: 不宣称新建与关联 Feature 已可用
A7: REC.SAP_ECC.SET_RELEVANT | B7: 设置 IT Element 相关 | C7: Application | D7: PATCH /rapr/v0/engagements/{engagementId}/itelement/{id} | E7: JSON Patch /isRelevant=true, /concurrencyTabId=501, /concurrencyTabUpdatedOn | F7: isRelevant=true；concurrencyTabs 回读 | G7: request-132 / seq521 / HTTP 200 | H7: 录制已证实 | I7: 可形成窄 patch 候选 | J7: 仅覆盖当前录制字段 | K7: 冻结并发 token、before/read-back 与 response-loss 语义 | L7: 字段级证据，不代表整张设置页
A8: REC.SAP_ECC.CREATE_GRA | B8: 创建 SAP ECC GRA | C8: Application / SAP ECC | D8: POST /rapr/v0/engagements/{engagementId}/riskassessments/create | E8: inkContentId=66176475, typeId=3, facetId, entityId, name | F8: id, workItemId, referenceNumber, inkContentId；GET exact GRA | G8: request-135 / seq531 / HTTP 200；request-142/146 read-back | H8: 录制已证实 | I8: 可确认 SAP ECC GRA create payload 与核心 read-back 字段 | J8: 未覆盖风险因素评价、评分、“在此记录”文字写入、提交和 Risk-Control | K8: 补录完整评价链并做 signed Operation/read-back canary | L8: 当前只解除“SAP ECC GRA 内容/创建 API 未知”这一窄缺口
A9: REC.SAP_ECC.READ_GRA | B9: 读取 SAP ECC GRA 身份 | C9: Application / SAP ECC | D9: GET /rapr/v0/engagements/{engagementId}/riskassessments/{id} | E9: path id | F9: inkContentId=66176475；riskScopes.commonAccountName=SAP ECC；workItemId/referenceNumber/status | G9: request-142 / seq563；request-146 / seq579 / HTTP 200 | H9: 录制已证实 | I9: 可进行 GRA 身份/内容读回 | J9: 当时 status 仍在生成阶段；未有最终 EvaluationComplete | K9: 后续 mutation 后再次 exact read-back/poll | L9: 不得把 ContentPending/NotStarted 当完成
A10: REC.SAP_ECC.RISK_CONTROL | B10: 识别并关联全部 SAP ECC Risk/Control | C10: Risk → Control | G10: popup seq617 后没有相关 request/response | H10: 18/18身份与Higher既有关联读回已证实；v4关联写入合同可复用；Lower无需单独验证 | I10: 18/18母版 risk-control 编号可逐条映射到运行时 risk/control identity 与 planned-response 既有关联 | J10: 当前文件未出现 associate mutation；实现复用 v4 已验证的 validateHiddenDataForRiskAssociation + controlrisks/associate 合同，并以实时读回验收 | K10: Higher取18条、Lower取17条目标关系；运行时动态组装、幂等跳过既有关联、写后读回 | L10: v4录制 cfd09224 request-229/230 及 per-risk planned detail；不得把现有关系读回当成本次写入
A11: REC.SAP_ECC.GRA_NEW_RULES | B11: 默认开启 IT 风险评估；risk consideration文字记录；评分 | C11: 仅 Application | G11: page-2 仅初始化资源；无字段级 interaction/mutation | H11: Application开关、在此记录、Higher评分已证实；Lower按同一评分/结论/提交合同参数化复用 | I11: Application/SAP ECC：/applicable=true；GRA主/documentation；14项Higher /riskLevel=4 | J11: DB/OS/Tool 不使用本评分体系，也不需要“在此记录”；不是待补录项 | K11: 实现必须将评分、/riskLevel 和 /documentation 文字写入限制在 Application | L11: 由 v4录制 cfd09224 增量升级；仍须遵守逐类型/逐场景证据边界
A12: REC.SAP_ECC.SUPPLEMENT_GAP | B12: 用户补录的 GRA/风险页面导航 | C12: GRA / Risk route | G12: 录制 f312280e：23 events；2 instrumentation.error + 21 popup-target-changed；0 interaction/network/mutation/body | H12: 仅导航身份/仍阻断 | I12: 只能证明浏览器曾处于带 GRA/risk 路由的 popup target；不在母版保存具体 ID | J12: 没有任何 API、payload、response、字段或评分证据 | K12: 先修复 popup/frame instrumentation，再重录完整 API 链 | L12: 补录不能提升 IT风险评估、在此记录文字、评分或 Risk-Control 的证据状态
A13: REC.SAP_ECC.INSTRUMENTATION_GAP | B13: 录制完整性冲突 | C13: Recorder | D13: n/a | E13: n/a | F13: n/a | G13: 07:26:41 instrumentation.error；其后约 4 分钟至停止零事件；metadata integrity.complete=true 且 critical.expected=0 | H13: P0 录制器缺陷 | I13: 只能使用中断前已捕获证据 | J13: 完整性算法未把 popup instrumentation 丢失判为 incomplete | K13: 把 page/target instrumentation 心跳、关键 GRA endpoint 期望和尾部静默窗口纳入 completeness gate | L13: 修复前不得用该录制证明 page-2 操作
A14: REC.SAP_ECC.SECURITY_GAP | B14: 凭据正文捕获冲突 | C14: Recorder | D14: POST /webpubsub/:redacted/PubSub/:redacted | E14: 已脱敏 | F14: response URI 含 access_token（未复制） | G14: request-199；response-body seq839 | H14: P0 安全缺陷 | I14: 仅证明 recorder 过滤未覆盖该响应字段 | J14: security.credentialsRecorded=false 与正文事实冲突 | K14: 响应体递归净化 token/query，并让安全扫描结果覆盖声明字段；现有录制按敏感 Artifact 处理 | L14: 本母版与审计文档不复制 token 或邮箱
A15: V4REC.CFD09224.INTEGRITY | B15: v4 recorder 完整性 | C15: Recorder | D15: n/a | E15: n/a | F15: n/a | G15: 1032 events；body 143/143；critical 29/29；0 instrumentation.error | H15: 录制完整性通过 | I15: 可使用本文件中的实际 API 证据 | J15: 完整性通过不等于各业务动作都出现 | K15: 按动作逐条审计；缺失 mutation 继续阻断 | L15: v4 recorder evidence；不是 v5 recorder
A16: V4REC.CFD09224.IT_RISK_ON | B16: 开启 IT风险评估（如果测试运行有效性） | C16: Application / SAP ECC | D16: PATCH /rapr/v0/engagements/{engagementId}/risk-factor-categories/{id} | E16: JSON Patch /applicable=true + concurrency tests | F16: response.applicable=true；GET 同路径 read-back true | G16: request-137/seq488；request-138/seq492；HTTP 200 | H16: v4录制已证实 | I16: Application/SAP ECC 开关实现已识别 | J16: 其他元素类型未录制 | K16: DB/OS/Tool 需补录或 canary | L16: request-134 先关闭/删除后，request-137 重新开启；最终状态 true
A17: V4REC.CFD09224.RISK_CONSIDERATION | B17: risk consideration｜+文件记录后进入“在此记录”并填写文字 | C17: Application / SAP ECC GRA | D17: PATCH /rapr/v0/engagements/{engagementId}/riskassessments/{id} | E17: JSON Patch /documentation；value.documentation=RTE JSON；value.workItems=[] | F17: response.documentation.documentation 原样读回；submit/GET 后仍保留 | G17: RTE seq525-531；request-146/seq533；request-179/211/213 | H17: v4录制已证实-在此记录 | I17: 已识别 GRA 主文档写入与读回 | J17: 真实附件不属于本功能范围 | K17: 实现固定为“在此记录/GRA主文档文字” | L17: 只允许 /documentation 文字写入；禁止创建、上传或绑定附件
A18: V4REC.CFD09224.SCORING_METADATA | B18: 读取全部 SAP ECC GRA 评分项元数据 | C18: 15 items；14 applicable + 1 not applicable | D18: GET /rapr/v0/engagements/{engagementId}/risk-factors/byRiskAssessmentId/{id} | E18: path riskAssessment id | F18: riskFactors[].id/inkContentId/description/displayOrder/applicable/riskLevelSpectrum | G18: request-180/seq677；request-219/seq825 | H18: v4录制已证实 | I18: 15项均有运行时身份与 allowed values 1|2|3|4 | J18: 不得硬编码对象 id；不适用项不得强制评分 | K18: 按运行时 id/inkContentId 唯一定位 | L18: 数据转换 displayOrder=13 在本次 applicable=false
A19: V4REC.CFD09224.SCORING_HIGHER | B19: Higher逐项最高分写入 | C19: 14 applicable items | D19: PATCH /rapr/v0/engagements/{engagementId}/risk-factors/{id} | E19: JSON Patch /riskLevel；value.name=风险较高；value.value=4 | F19: 每次 HTTP 200 response.riskLevel=4；GET/list read-back 仍为4 | G19: request-164..177/seq584..597；request-178/seq628；request-180/seq677 | H19: v4录制已证实-Higher | I19: 14个适用项 max(1,2,3,4)=4，写入与读回一致 | J19: Lower按同一 PATCH 合同把 applicable=true 项写为1 | K19: 按运行时 riskLevelSpectrum 选择 value=1并逐项读回；无需独立 canary | L19: Highest 必须运行时计算，不得把4推广到其他Pack
A20: V4REC.CFD09224.SUBMIT | B20: 提交风险因素评价并完成 | C20: Application / SAP ECC GRA | D20: POST /rapr/v0/engagements/{engagementId}/riskassessments/{id}/submit-riskfactor-evaluation | E20: riskLevelOverride=null；isPurgeControlHiddenData=false；updateQM=false；accountContents=[] | F20: Processing -> 最终 GET EvaluationComplete；结论 Higher | G20: request-211/seq806；request-213/214；request-227/seq858 | H20: v4录制已证实-Higher提交 | I20: Higher评价闭环到 EvaluationComplete | J20: Lower先 PATCH 评估结论并读回，再复用相同 submit 合同 | K20: 确认 itElementRaitConclusionLevelId=Lower 与最终 EvaluationComplete；无需独立 canary | L20: 提交不等于 Risk-Control 关联写入
A21: V4REC.CFD09224.RISK_CONTROL_READBACK | B21: SAP ECC Risk-Control 身份与既有关联读回 | C21: 18条母版关系 | D21: GET risks/byriskassessmentid；GET controls/byRiskAssessmentId/{id}；GET plannedresponse/GetPlanResponseDetailByRiskRiskScopeId | E21: query/path runtime ids | F21: risk/control id + number；enabled/currentRiskScopes/riskScopeId/assertionType/assertions | G21: request-229/seq875；request-230/seq881；request-233/235/239/254/262 | H21: v4录制已证实18/18 Higher读回；Lower复用同一关联合同 | I21: 18条按 RAITCOR + SAPECC 编号逐条匹配，Higher既有关联为 enabled=true | J21: 当前文件无 associate/validate mutation；Lower不另行补录 | K21: 按 link_required_lower=Y 的17条关系执行 v4 validate+associate，并逐条读回 | L21: 现有关联读回不能证明本次录制完成写入
A22: V4REC.CFD09224.SECURITY | B22: v4录制敏感信息扫描 | C22: Recorder | D22: n/a | E22: n/a | F22: 正文未发现 access_token/Bearer；仍包含邮箱类PII（不复制） | G22: 原始录制静态扫描 | H22: PII仍需受控 | I22: 业务证据可在脱敏后使用 | J22: security.credentialsRecorded=false 不代表没有人员信息 | K22: 原始文件不进入源码库/feature包；母版只存脱敏字段 | L22: 本工作簿未复制邮箱、token或对象实例id

Sheet 评分项与规则
A1: GRA 评分规则｜仅 Application｜动态上限与逐项映射门禁
A2: 本评分体系仅适用于 Application。cfd09224 v4 recorder 已证实 SAP ECC 15个评分项元数据与14个 applicable 项 Higher 写入/读回；Lower 复用同一合同。DB、OS、Tool 不生成评分项，不调用 /riskLevel。
A4: rule_id | B4: RAIT | C4: 适用范围 | D4: 取值方式 | E4: 目标值 | F4: 允许范围来源 | G4: 最高分来源 | H4: 1分校验 | I4: API/JSON字段 | J4: endpoint+method | K4: write/read-back | L4: 证据状态 | M4: 执行门禁 | N4: source_trace_id | O4: 备注
A5: RULE.P1.GRA.SCORE.HIGHER.MAX_DYNAMIC | B5: Higher | C5: 每个适用评分项 | D5: 动态选择 | E5: 该项 allowed scores 的 max | F5: 运行时读取该评分项的 riskLevelSpectrum[] 与 item identity/version | G5: max(response.riskLevelSpectrum[].value)=4（本次SAP ECC Pack） | H5: 不适用 | I5: riskFactors[].id/inkContentId/riskLevelSpectrum；JSON Patch /riskLevel | J5: PATCH /rapr/v0/engagements/{engagementId}/risk-factors/{id} | K5: request-164..177：response.riskLevel=4；request-180列表读回 | L5: v4录制已证实-SAP ECC Higher | M5: 仅 applicable=true 且 item identity/allowed range 可唯一确认时执行 | N5: v4录制 cfd09224 request-164..177/seq584..597；request-180/seq677 | O5: Higher 已完成写入与读回；最高分仍须运行时计算，不得跨Pack硬编码4
A6: RULE.P1.GRA.SCORE.LOWER.ONE | B6: Lower | C6: 每个适用评分项 | D6: 受范围约束的固定值 | E6: 1 | F6: 运行时读取该评分项的 riskLevelSpectrum[] 与 item identity/version | G6: 不适用 | H6: 仅当 1 ∈ riskLevelSpectrum[].value；否则阻断 | I6: riskFactors[].id/inkContentId/riskLevelSpectrum；写入候选为 JSON Patch /riskLevel | J6: PATCH /rapr/v0/engagements/{engagementId}/risk-factors/{id} | K6: Lower与Higher共用 /riskLevel PATCH；从运行时 riskLevelSpectrum 选择 value=1，写入后读回 | L6: 产品已批准-复用现有评分/结论/提交合同 | M6: 仅当 applicable、value=1、评估结论与关系集合可由运行时数据精确校验时执行；无需独立 Lower canary | N6: v4录制 cfd09224 request-180/seq677 | O6: Lower 分支：评分=1、itElementRaitConclusionLevelId=Lower、Risk-Control=17条；endpoint 与 Higher 相同
A9: 评分项 API 映射清单（SAP ECC｜v4 recorder evidence） | B9: 评分项 API 映射清单（SAP ECC｜v4 recorder evidence） | C9: 评分项 API 映射清单（SAP ECC｜v4 recorder evidence） | D9: 评分项 API 映射清单（SAP ECC｜v4 recorder evidence） | E9: 评分项 API 映射清单（SAP ECC｜v4 recorder evidence） | F9: 评分项 API 映射清单（SAP ECC｜v4 recorder evidence） | G9: 评分项 API 映射清单（SAP ECC｜v4 recorder evidence） | H9: 评分项 API 映射清单（SAP ECC｜v4 recorder evidence） | I9: 评分项 API 映射清单（SAP ECC｜v4 recorder evidence） | J9: 评分项 API 映射清单（SAP ECC｜v4 recorder evidence） | K9: 评分项 API 映射清单（SAP ECC｜v4 recorder evidence） | L9: 评分项 API 映射清单（SAP ECC｜v4 recorder evidence） | M9: 评分项 API 映射清单（SAP ECC｜v4 recorder evidence） | N9: 评分项 API 映射清单（SAP ECC｜v4 recorder evidence） | O9: 评分项 API 映射清单（SAP ECC｜v4 recorder evidence）
A10: item_id | B10: UI标签 | C10: 适用对象/场景 | D10: Higher适用 | E10: Lower适用 | F10: allowed scores | G10: max source | H10: JSON字段 | I10: endpoint+method | J10: request位置 | K10: response/read-back位置 | L10: 录制事件 | M10: 证据状态 | N10: blocker | O10: 备注
A11: SAP_ECC.RF.DISPLAY_ORDER_02 | B11: 对业务和财务报告影响的广泛性 | C11: Application / SAP ECC / GRA / IT风险评估 | D11: Y（本次 applicable=true） | E11: 条件：运行时 applicable=true；Lower写1 | F11: 1|2|3|4 | G11: max(response.riskLevelSpectrum[].value)=4（本次Pack） | H11: identity=response.id + inkContentId；allowed=response.riskLevelSpectrum[]；write=JSON Patch /riskLevel | I11: PATCH /rapr/v0/engagements/{engagementId}/risk-factors/{id} | J11: request-164/seq584：/riskLevel name=风险较高,value=4 | K11: PATCH response.riskLevel=4；request-180 riskFactors[] read-back=4 | L11: request-164/seq584/HTTP 200；request-180/seq677 | M11: Higher写入/响应/列表读回已证实；Lower经产品批准复用同一合同 | N11: Lower按 riskLevelSpectrum 选 value=1、写后读回；submit 后确认 EvaluationComplete | O11: 运行时按 item identity 唯一定位，不保存当前GRA实例ID；Higher动态取max，Lower取value=1；applicable=false则跳过。
A12: SAP_ECC.RF.DISPLAY_ORDER_03 | B12: 源数据 (数量和复杂度) | C12: Application / SAP ECC / GRA / IT风险评估 | D12: Y（本次 applicable=true） | E12: 条件：运行时 applicable=true；Lower写1 | F12: 1|2|3|4 | G12: max(response.riskLevelSpectrum[].value)=4（本次Pack） | H12: identity=response.id + inkContentId；allowed=response.riskLevelSpectrum[]；write=JSON Patch /riskLevel | I12: PATCH /rapr/v0/engagements/{engagementId}/risk-factors/{id} | J12: request-165/seq585：/riskLevel name=风险较高,value=4 | K12: PATCH response.riskLevel=4；request-180 riskFactors[] read-back=4 | L12: request-165/seq585/HTTP 200；request-180/seq677 | M12: Higher写入/响应/列表读回已证实；Lower经产品批准复用同一合同 | N12: Lower按 riskLevelSpectrum 选 value=1、写后读回；submit 后确认 EvaluationComplete | O12: 运行时按 item identity 唯一定位，不保存当前GRA实例ID；Higher动态取max，Lower取value=1；applicable=false则跳过。
A13: SAP_ECC.RF.DISPLAY_ORDER_04 | B13: 自动化控制 (控制数量和复杂度) | C13: Application / SAP ECC / GRA / IT风险评估 | D13: Y（本次 applicable=true） | E13: 条件：运行时 applicable=true；Lower写1 | F13: 1|2|3|4 | G13: max(response.riskLevelSpectrum[].value)=4（本次Pack） | H13: identity=response.id + inkContentId；allowed=response.riskLevelSpectrum[]；write=JSON Patch /riskLevel | I13: PATCH /rapr/v0/engagements/{engagementId}/risk-factors/{id} | J13: request-166/seq586：/riskLevel name=风险较高,value=4 | K13: PATCH response.riskLevel=4；request-180 riskFactors[] read-back=4 | L13: request-166/seq586/HTTP 200；request-180/seq677 | M13: Higher写入/响应/列表读回已证实；Lower经产品批准复用同一合同 | N13: Lower按 riskLevelSpectrum 选 value=1、写后读回；submit 后确认 EvaluationComplete | O13: 运行时按 item identity 唯一定位，不保存当前GRA实例ID；Higher动态取max，Lower取value=1；applicable=false则跳过。
A14: SAP_ECC.RF.DISPLAY_ORDER_05 | B14: 自动化报告逻辑 (简单或复杂的内部信息或 IUC) | C14: Application / SAP ECC / GRA / IT风险评估 | D14: Y（本次 applicable=true） | E14: 条件：运行时 applicable=true；Lower写1 | F14: 1|2|3|4 | G14: max(response.riskLevelSpectrum[].value)=4（本次Pack） | H14: identity=response.id + inkContentId；allowed=response.riskLevelSpectrum[]；write=JSON Patch /riskLevel | I14: PATCH /rapr/v0/engagements/{engagementId}/risk-factors/{id} | J14: request-167/seq587：/riskLevel name=风险较高,value=4 | K14: PATCH response.riskLevel=4；request-180 riskFactors[] read-back=4 | L14: request-167/seq587/HTTP 200；request-180/seq677 | M14: Higher写入/响应/列表读回已证实；Lower经产品批准复用同一合同 | N14: Lower按 riskLevelSpectrum 选 value=1、写后读回；submit 后确认 EvaluationComplete | O14: 运行时按 item identity 唯一定位，不保存当前GRA实例ID；Higher动态取max，Lower取value=1；applicable=false则跳过。
A15: SAP_ECC.RF.DISPLAY_ORDER_06 | B15: 高度自动的无纸化处理 | C15: Application / SAP ECC / GRA / IT风险评估 | D15: Y（本次 applicable=true） | E15: 条件：运行时 applicable=true；Lower写1 | F15: 1|2|3|4 | G15: max(response.riskLevelSpectrum[].value)=4（本次Pack） | H15: identity=response.id + inkContentId；allowed=response.riskLevelSpectrum[]；write=JSON Patch /riskLevel | I15: PATCH /rapr/v0/engagements/{engagementId}/risk-factors/{id} | J15: request-168/seq588：/riskLevel name=风险较高,value=4 | K15: PATCH response.riskLevel=4；request-180 riskFactors[] read-back=4 | L15: request-168/seq588/HTTP 200；request-180/seq677 | M15: Higher写入/响应/列表读回已证实；Lower经产品批准复用同一合同 | N15: Lower按 riskLevelSpectrum 选 value=1、写后读回；submit 后确认 EvaluationComplete | O15: 运行时按 item identity 唯一定位，不保存当前GRA实例ID；Higher动态取max，Lower取value=1；applicable=false则跳过。
A16: SAP_ECC.RF.DISPLAY_ORDER_07 | B16: 数据输入和接口 (数据输入的数量和接口的复杂度) | C16: Application / SAP ECC / GRA / IT风险评估 | D16: Y（本次 applicable=true） | E16: 条件：运行时 applicable=true；Lower写1 | F16: 1|2|3|4 | G16: max(response.riskLevelSpectrum[].value)=4（本次Pack） | H16: identity=response.id + inkContentId；allowed=response.riskLevelSpectrum[]；write=JSON Patch /riskLevel | I16: PATCH /rapr/v0/engagements/{engagementId}/risk-factors/{id} | J16: request-169/seq589：/riskLevel name=风险较高,value=4 | K16: PATCH response.riskLevel=4；request-180 riskFactors[] read-back=4 | L16: request-169/seq589/HTTP 200；request-180/seq677 | M16: Higher写入/响应/列表读回已证实；Lower经产品批准复用同一合同 | N16: Lower按 riskLevelSpectrum 选 value=1、写后读回；submit 后确认 EvaluationComplete | O16: 运行时按 item identity 唯一定位，不保存当前GRA实例ID；Higher动态取max，Lower取value=1；applicable=false则跳过。
A17: SAP_ECC.RF.DISPLAY_ORDER_08 | B17: 财务报告相关自动化的历史错误 | C17: Application / SAP ECC / GRA / IT风险评估 | D17: Y（本次 applicable=true） | E17: 条件：运行时 applicable=true；Lower写1 | F17: 1|2|3|4 | G17: max(response.riskLevelSpectrum[].value)=4（本次Pack） | H17: identity=response.id + inkContentId；allowed=response.riskLevelSpectrum[]；write=JSON Patch /riskLevel | I17: PATCH /rapr/v0/engagements/{engagementId}/risk-factors/{id} | J17: request-170/seq590：/riskLevel name=风险较高,value=4 | K17: PATCH response.riskLevel=4；request-180 riskFactors[] read-back=4 | L17: request-170/seq590/HTTP 200；request-180/seq677 | M17: Higher写入/响应/列表读回已证实；Lower经产品批准复用同一合同 | N17: Lower按 riskLevelSpectrum 选 value=1、写后读回；submit 后确认 EvaluationComplete | O17: 运行时按 item identity 唯一定位，不保存当前GRA实例ID；Higher动态取max，Lower取value=1；applicable=false则跳过。
A18: SAP_ECC.RF.DISPLAY_ORDER_09 | B18: 技术平台或体系结构 (成熟度，稳定性和 / 或复杂度) | C18: Application / SAP ECC / GRA / IT风险评估 | D18: Y（本次 applicable=true） | E18: 条件：运行时 applicable=true；Lower写1 | F18: 1|2|3|4 | G18: max(response.riskLevelSpectrum[].value)=4（本次Pack） | H18: identity=response.id + inkContentId；allowed=response.riskLevelSpectrum[]；write=JSON Patch /riskLevel | I18: PATCH /rapr/v0/engagements/{engagementId}/risk-factors/{id} | J18: request-171/seq591：/riskLevel name=风险较高,value=4 | K18: PATCH response.riskLevel=4；request-180 riskFactors[] read-back=4 | L18: request-171/seq591/HTTP 200；request-180/seq677 | M18: Higher写入/响应/列表读回已证实；Lower经产品批准复用同一合同 | N18: Lower按 riskLevelSpectrum 选 value=1、写后读回；submit 后确认 EvaluationComplete | O18: 运行时按 item identity 唯一定位，不保存当前GRA实例ID；Higher动态取max，Lower取value=1；applicable=false则跳过。
A19: SAP_ECC.RF.DISPLAY_ORDER_10 | B19: 终端用户访问 (具有财务信息更新访问权限的用户数量) | C19: Application / SAP ECC / GRA / IT风险评估 | D19: Y（本次 applicable=true） | E19: 条件：运行时 applicable=true；Lower写1 | F19: 1|2|3|4 | G19: max(response.riskLevelSpectrum[].value)=4（本次Pack） | H19: identity=response.id + inkContentId；allowed=response.riskLevelSpectrum[]；write=JSON Patch /riskLevel | I19: PATCH /rapr/v0/engagements/{engagementId}/risk-factors/{id} | J19: request-172/seq592：/riskLevel name=风险较高,value=4 | K19: PATCH response.riskLevel=4；request-180 riskFactors[] read-back=4 | L19: request-172/seq592/HTTP 200；request-180/seq677 | M19: Higher写入/响应/列表读回已证实；Lower经产品批准复用同一合同 | N19: Lower按 riskLevelSpectrum 选 value=1、写后读回；submit 后确认 EvaluationComplete | O19: 运行时按 item identity 唯一定位，不保存当前GRA实例ID；Higher动态取max，Lower取value=1；applicable=false则跳过。
A20: SAP_ECC.RF.DISPLAY_ORDER_11 | B20: 应用类型 (外购或定制开发) | C20: Application / SAP ECC / GRA / IT风险评估 | D20: Y（本次 applicable=true） | E20: 条件：运行时 applicable=true；Lower写1 | F20: 1|2|3|4 | G20: max(response.riskLevelSpectrum[].value)=4（本次Pack） | H20: identity=response.id + inkContentId；allowed=response.riskLevelSpectrum[]；write=JSON Patch /riskLevel | I20: PATCH /rapr/v0/engagements/{engagementId}/risk-factors/{id} | J20: request-173/seq593：/riskLevel name=风险较高,value=4 | K20: PATCH response.riskLevel=4；request-180 riskFactors[] read-back=4 | L20: request-173/seq593/HTTP 200；request-180/seq677 | M20: Higher写入/响应/列表读回已证实；Lower经产品批准复用同一合同 | N20: Lower按 riskLevelSpectrum 选 value=1、写后读回；submit 后确认 EvaluationComplete | O20: 运行时按 item identity 唯一定位，不保存当前GRA实例ID；Higher动态取max，Lower取value=1；applicable=false则跳过。
... A25: SAP_ECC.RF.DISPLAY_ORDER_16 | B25: 第三方托管 / 资源外包 (能力和成熟度) | C25: Application / SAP ECC / GRA / IT风险评估 | D25: Y（本次 applicable=true） | E25: 条件：运行时 applicable=true；Lower写1 | F25: 1|2|3|4 | G25: max(response.riskLevelSpectrum[].value)=4（本次Pack） | H25: identity=response.id + inkContentId；allowed=response.riskLevelSpectrum[]；write=JSON Patch /riskLevel | I25: PATCH /rapr/v0/engagements/{engagementId}/risk-factors/{id} | J25: request-177/seq597：/riskLevel name=风险较高,value=4 | K25: PATCH response.riskLevel=4；request-180 riskFactors[] read-back=4 | L25: request-177/seq597/HTTP 200；request-180/seq677 | M25: Higher写入/响应/列表读回已证实；Lower经产品批准复用同一合同 | N25: Lower按 riskLevelSpectrum 选 value=1、写后读回；submit 后确认 EvaluationComplete | O25: 运行时按 item identity 唯一定位，不保存当前GRA实例ID；Higher动态取max，Lower取value=1；applicable=false则跳过。
